[
  {
    "model": "wagtailusers.userprofile",
    "pk": 1,
    "fields": {
      "user": 2,
      "submitted_notifications": true,
      "approved_notifications": true,
      "rejected_notifications": true,
      "updated_comments_notifications": true,
      "preferred_language": "",
      "current_time_zone": "",
      "avatar": "",
      "dismissibles": {
        "help": true,
        "editor-guide": true,
        "whats-new-in-wagtail-6.2": true
      },
      "theme": "system",
      "density": "default"
    }
  },
  {
    "model": "wagtailimages.image",
    "pk": 1,
    "fields": {
      "collection": 1,
      "title": "footer-img",
      "file": "original_images/footer-img.svg",
      "width": 160,
      "height": 160,
      "created_at": "2024-11-20T09:11:19.605Z",
      "uploaded_by_user": 1,
      "focal_point_x": null,
      "focal_point_y": null,
      "focal_point_width": null,
      "focal_point_height": null,
      "file_size": 44195,
      "file_hash": "ef26f78b33ae3818a0a4406c6acae3f556328fe4"
    }
  },
  {
    "model": "wagtailimages.image",
    "pk": 2,
    "fields": {
      "collection": 1,
      "title": "logo",
      "file": "original_images/logo.svg",
      "width": 258,
      "height": 61,
      "created_at": "2024-11-20T09:11:38.127Z",
      "uploaded_by_user": 1,
      "focal_point_x": null,
      "focal_point_y": null,
      "focal_point_width": null,
      "focal_point_height": null,
      "file_size": 15045,
      "file_hash": "c664c3044b530e2a5f1ba3bda4c6478f377059d5"
    }
  },
  {
    "model": "wagtailimages.image",
    "pk": 3,
    "fields": {
      "collection": 1,
      "title": "Icon-ionic-md-time",
      "file": "original_images/Icon-ionic-md-time.svg",
      "width": 29,
      "height": 29,
      "created_at": "2024-11-20T09:13:47.590Z",
      "uploaded_by_user": 1,
      "focal_point_x": null,
      "focal_point_y": null,
      "focal_point_width": null,
      "focal_point_height": null,
      "file_size": 534,
      "file_hash": "102dc4ec1775d2e9325defecab59b1ec257e1b5f"
    }
  },
  {
    "model": "wagtailimages.image",
    "pk": 4,
    "fields": {
      "collection": 1,
      "title": "Icon-map-city-hall",
      "file": "original_images/Icon-map-city-hall.svg",
      "width": 26,
      "height": 34,
      "created_at": "2024-11-20T09:15:20.578Z",
      "uploaded_by_user": 1,
      "focal_point_x": null,
      "focal_point_y": null,
      "focal_point_width": null,
      "focal_point_height": null,
      "file_size": 644,
      "file_hash": "5e68c7b0aa2d542dc150469aae81e714b879f1ef"
    }
  },
  {
    "model": "wagtailimages.image",
    "pk": 5,
    "fields": {
      "collection": 1,
      "title": "Icon-feather-home",
      "file": "original_images/Icon-feather-home.svg",
      "width": 30,
      "height": 33,
      "created_at": "2024-11-20T09:16:29.389Z",
      "uploaded_by_user": 1,
      "focal_point_x": null,
      "focal_point_y": null,
      "focal_point_width": null,
      "focal_point_height": null,
      "file_size": 556,
      "file_hash": "33b30e07ec65c5196baf6bced20692a93baaec0d"
    }
  },
  {
    "model": "wagtailimages.image",
    "pk": 6,
    "fields": {
      "collection": 1,
      "title": "history",
      "file": "original_images/history.jpg",
      "width": 727,
      "height": 437,
      "created_at": "2024-11-20T09:25:04.298Z",
      "uploaded_by_user": 1,
      "focal_point_x": null,
      "focal_point_y": null,
      "focal_point_width": null,
      "focal_point_height": null,
      "file_size": 233894,
      "file_hash": "6183e021668b80ae65190712f1127ed4e22e9021"
    }
  },
  {
    "model": "wagtailimages.image",
    "pk": 7,
    "fields": {
      "collection": 1,
      "title": "1",
      "file": "original_images/1.jpg",
      "width": 197,
      "height": 197,
      "created_at": "2024-11-20T09:26:26.831Z",
      "uploaded_by_user": 1,
      "focal_point_x": null,
      "focal_point_y": null,
      "focal_point_width": null,
      "focal_point_height": null,
      "file_size": 33082,
      "file_hash": "4c08b8a8f8fca3fa2c6e55f74b2e6263c75edeb3"
    }
  },
  {
    "model": "wagtailimages.image",
    "pk": 8,
    "fields": {
      "collection": 1,
      "title": "2",
      "file": "original_images/2.jpg",
      "width": 324,
      "height": 324,
      "created_at": "2024-11-20T09:26:37.572Z",
      "uploaded_by_user": 1,
      "focal_point_x": null,
      "focal_point_y": null,
      "focal_point_width": null,
      "focal_point_height": null,
      "file_size": 71588,
      "file_hash": "755006736a509f1c2c80735e3fa3c0ef58f7185b"
    }
  },
  {
    "model": "wagtailimages.image",
    "pk": 9,
    "fields": {
      "collection": 1,
      "title": "3",
      "file": "original_images/3.jpg",
      "width": 346,
      "height": 346,
      "created_at": "2024-11-20T09:26:48.937Z",
      "uploaded_by_user": 1,
      "focal_point_x": null,
      "focal_point_y": null,
      "focal_point_width": null,
      "focal_point_height": null,
      "file_size": 73397,
      "file_hash": "386d32e13b7e7e2083bdb213d1428d3260473e5b"
    }
  },
  {
    "model": "wagtailimages.image",
    "pk": 10,
    "fields": {
      "collection": 1,
      "title": "4",
      "file": "original_images/4.jpg",
      "width": 222,
      "height": 222,
      "created_at": "2024-11-20T09:26:59.937Z",
      "uploaded_by_user": 1,
      "focal_point_x": null,
      "focal_point_y": null,
      "focal_point_width": null,
      "focal_point_height": null,
      "file_size": 40129,
      "file_hash": "b85545d9bddb9d0d3952b24a09fdc32910777d41"
    }
  },
  {
    "model": "wagtailimages.image",
    "pk": 11,
    "fields": {
      "collection": 1,
      "title": "5",
      "file": "original_images/5.jpg",
      "width": 266,
      "height": 266,
      "created_at": "2024-11-20T09:27:12.281Z",
      "uploaded_by_user": 1,
      "focal_point_x": null,
      "focal_point_y": null,
      "focal_point_width": null,
      "focal_point_height": null,
      "file_size": 56112,
      "file_hash": "35c5900f59c4f6eda066523780cf3f633f576b1f"
    }
  },
  {
    "model": "wagtailimages.image",
    "pk": 12,
    "fields": {
      "collection": 1,
      "title": "1",
      "file": "original_images/1.svg",
      "width": 62,
      "height": 90,
      "created_at": "2024-11-20T09:29:59.005Z",
      "uploaded_by_user": 1,
      "focal_point_x": null,
      "focal_point_y": null,
      "focal_point_width": null,
      "focal_point_height": null,
      "file_size": 448,
      "file_hash": "e0d225828b3c4e2d9339fed0b315681596f99da4"
    }
  },
  {
    "model": "wagtailimages.image",
    "pk": 13,
    "fields": {
      "collection": 1,
      "title": "2",
      "file": "original_images/2.svg",
      "width": 74,
      "height": 90,
      "created_at": "2024-11-20T09:30:14.074Z",
      "uploaded_by_user": 1,
      "focal_point_x": null,
      "focal_point_y": null,
      "focal_point_width": null,
      "focal_point_height": null,
      "file_size": 386,
      "file_hash": "4b565fa9bfcd52dbbb465d4c6984866a0209b0f1"
    }
  },
  {
    "model": "wagtailimages.image",
    "pk": 14,
    "fields": {
      "collection": 1,
      "title": "3",
      "file": "original_images/3.svg",
      "width": 59,
      "height": 90,
      "created_at": "2024-11-20T09:31:09.926Z",
      "uploaded_by_user": 1,
      "focal_point_x": null,
      "focal_point_y": null,
      "focal_point_width": null,
      "focal_point_height": null,
      "file_size": 500,
      "file_hash": "8912e666165a2d109678f0caa18fd6db6ba378e9"
    }
  },
  {
    "model": "wagtailimages.image",
    "pk": 15,
    "fields": {
      "collection": 1,
      "title": "4",
      "file": "original_images/4.svg",
      "width": 90,
      "height": 90,
      "created_at": "2024-11-20T09:31:37.042Z",
      "uploaded_by_user": 1,
      "focal_point_x": null,
      "focal_point_y": null,
      "focal_point_width": null,
      "focal_point_height": null,
      "file_size": 465,
      "file_hash": "32ce785773ca4553fb3b5dabab9ed9907fefa683"
    }
  },
  {
    "model": "wagtailimages.image",
    "pk": 16,
    "fields": {
      "collection": 1,
      "title": "5",
      "file": "original_images/5.svg",
      "width": 83,
      "height": 90,
      "created_at": "2024-11-20T09:32:17.058Z",
      "uploaded_by_user": 1,
      "focal_point_x": null,
      "focal_point_y": null,
      "focal_point_width": null,
      "focal_point_height": null,
      "file_size": 650,
      "file_hash": "4d1cc639c32d91243bdddaf54c6193b055f89932"
    }
  },
  {
    "model": "wagtailimages.image",
    "pk": 17,
    "fields": {
      "collection": 1,
      "title": "school-min",
      "file": "original_images/school-min.jpg",
      "width": 1826,
      "height": 760,
      "created_at": "2024-11-20T09:33:51.627Z",
      "uploaded_by_user": 1,
      "focal_point_x": null,
      "focal_point_y": null,
      "focal_point_width": null,
      "focal_point_height": null,
      "file_size": 396254,
      "file_hash": "2826798ee46de47d9d49d2f5cea7419da08e3e53"
    }
  },
  {
    "model": "wagtailimages.image",
    "pk": 18,
    "fields": {
      "collection": 1,
      "title": "school",
      "file": "original_images/school.png",
      "width": 974,
      "height": 638,
      "created_at": "2024-11-20T09:35:59.658Z",
      "uploaded_by_user": 1,
      "focal_point_x": null,
      "focal_point_y": null,
      "focal_point_width": null,
      "focal_point_height": null,
      "file_size": 897754,
      "file_hash": "35cf4aeffc4c48c3945dc59fc365d6cf81a63b56"
    }
  },
  {
    "model": "wagtailimages.image",
    "pk": 19,
    "fields": {
      "collection": 1,
      "title": "team-1",
      "file": "original_images/team-1.jpg",
      "width": 600,
      "height": 600,
      "created_at": "2024-11-20T09:57:45.290Z",
      "uploaded_by_user": 1,
      "focal_point_x": null,
      "focal_point_y": null,
      "focal_point_width": null,
      "focal_point_height": null,
      "file_size": 64386,
      "file_hash": "9ba6a4270cae4c2e146fd1447d05ad5523607b05"
    }
  },
  {
    "model": "wagtailimages.image",
    "pk": 20,
    "fields": {
      "collection": 1,
      "title": "team-4",
      "file": "original_images/team-4.jpg",
      "width": 600,
      "height": 600,
      "created_at": "2024-11-20T09:58:13.436Z",
      "uploaded_by_user": 1,
      "focal_point_x": null,
      "focal_point_y": null,
      "focal_point_width": null,
      "focal_point_height": null,
      "file_size": 54623,
      "file_hash": "8170667bbe5b0808379161d1f110ce8f0549ab31"
    }
  },
  {
    "model": "wagtailimages.image",
    "pk": 21,
    "fields": {
      "collection": 1,
      "title": "team-2",
      "file": "original_images/team-2.jpg",
      "width": 600,
      "height": 600,
      "created_at": "2024-11-20T09:59:41.155Z",
      "uploaded_by_user": 1,
      "focal_point_x": null,
      "focal_point_y": null,
      "focal_point_width": null,
      "focal_point_height": null,
      "file_size": 34427,
      "file_hash": "fe9b8c1e52b6bf774ace3c819f3c8b21e579382b"
    }
  },
  {
    "model": "wagtailimages.image",
    "pk": 22,
    "fields": {
      "collection": 1,
      "title": "team-3",
      "file": "original_images/team-3.jpg",
      "width": 600,
      "height": 600,
      "created_at": "2024-11-20T10:00:07.421Z",
      "uploaded_by_user": 1,
      "focal_point_x": null,
      "focal_point_y": null,
      "focal_point_width": null,
      "focal_point_height": null,
      "file_size": 25992,
      "file_hash": "8ba1df899fa2889dd74620b56188d376c98a2186"
    }
  },
  {
    "model": "wagtailimages.image",
    "pk": 23,
    "fields": {
      "collection": 1,
      "title": "slider-1",
      "file": "original_images/slider-1.jpg",
      "width": 1752,
      "height": 647,
      "created_at": "2024-11-20T10:27:51.220Z",
      "uploaded_by_user": 1,
      "focal_point_x": null,
      "focal_point_y": null,
      "focal_point_width": null,
      "focal_point_height": null,
      "file_size": 746844,
      "file_hash": "bc923932ee8a2b04f1f8fd829c02803db0c10e8e"
    }
  },
  {
    "model": "wagtailimages.image",
    "pk": 24,
    "fields": {
      "collection": 1,
      "title": "development",
      "file": "original_images/development.svg",
      "width": 46,
      "height": 46,
      "created_at": "2024-11-20T10:29:18.105Z",
      "uploaded_by_user": 1,
      "focal_point_x": null,
      "focal_point_y": null,
      "focal_point_width": null,
      "focal_point_height": null,
      "file_size": 604,
      "file_hash": "e4a7ccad6fbcbc0e64f6776972a7f9ac295724b8"
    }
  },
  {
    "model": "wagtailimages.image",
    "pk": 25,
    "fields": {
      "collection": 1,
      "title": "infistructure",
      "file": "original_images/infistructure.svg",
      "width": 50,
      "height": 46,
      "created_at": "2024-11-20T10:30:07.587Z",
      "uploaded_by_user": 1,
      "focal_point_x": null,
      "focal_point_y": null,
      "focal_point_width": null,
      "focal_point_height": null,
      "file_size": 666,
      "file_hash": "54c7c648aceb141b81dba783cae53ff8d56f3760"
    }
  },
  {
    "model": "wagtailimages.image",
    "pk": 26,
    "fields": {
      "collection": 1,
      "title": "support",
      "file": "original_images/support.svg",
      "width": 50,
      "height": 46,
      "created_at": "2024-11-20T10:30:46.252Z",
      "uploaded_by_user": 1,
      "focal_point_x": null,
      "focal_point_y": null,
      "focal_point_width": null,
      "focal_point_height": null,
      "file_size": 894,
      "file_hash": "3a62e51935b35fc92895a405c61eca2afa9c3107"
    }
  },
  {
    "model": "wagtailimages.image",
    "pk": 27,
    "fields": {
      "collection": 1,
      "title": "fire",
      "file": "original_images/fire.svg",
      "width": 26,
      "height": 30,
      "created_at": "2024-11-20T10:38:54.845Z",
      "uploaded_by_user": 1,
      "focal_point_x": null,
      "focal_point_y": null,
      "focal_point_width": null,
      "focal_point_height": null,
      "file_size": 639,
      "file_hash": "e221aeea2789fa8d5af3a0de8a5edc9fa108b446"
    }
  },
  {
    "model": "wagtailimages.image",
    "pk": 28,
    "fields": {
      "collection": 1,
      "title": "fire-department",
      "file": "original_images/fire-department.jpg",
      "width": 1173,
      "height": 522,
      "created_at": "2024-11-20T10:39:41.857Z",
      "uploaded_by_user": 1,
      "focal_point_x": null,
      "focal_point_y": null,
      "focal_point_width": null,
      "focal_point_height": null,
      "file_size": 381627,
      "file_hash": "889d09fa4938e4904256e95dc85138418c21d706"
    }
  },
  {
    "model": "wagtailimages.image",
    "pk": 29,
    "fields": {
      "collection": 1,
      "title": "Sheriff",
      "file": "original_images/Sheriff.svg",
      "width": 30,
      "height": 34,
      "created_at": "2024-11-20T10:40:24.276Z",
      "uploaded_by_user": 1,
      "focal_point_x": null,
      "focal_point_y": null,
      "focal_point_width": null,
      "focal_point_height": null,
      "file_size": 1199,
      "file_hash": "efda63f51ec5c41dd2f3f273c2680e2912b1c9e6"
    }
  },
  {
    "model": "wagtailimages.image",
    "pk": 30,
    "fields": {
      "collection": 1,
      "title": "check-box",
      "file": "original_images/check-box.svg",
      "width": 53,
      "height": 54,
      "created_at": "2024-11-20T10:43:59.384Z",
      "uploaded_by_user": 1,
      "focal_point_x": null,
      "focal_point_y": null,
      "focal_point_width": null,
      "focal_point_height": null,
      "file_size": 645,
      "file_hash": "e766a2cf758a61c19526ba099dc410783ee43861"
    }
  },
  {
    "model": "wagtailimages.image",
    "pk": 31,
    "fields": {
      "collection": 1,
      "title": "submit-img-2",
      "file": "original_images/submit-img-2.png",
      "width": 487,
      "height": 341,
      "created_at": "2024-11-20T10:56:11.561Z",
      "uploaded_by_user": 1,
      "focal_point_x": null,
      "focal_point_y": null,
      "focal_point_width": null,
      "focal_point_height": null,
      "file_size": 226927,
      "file_hash": "1c7a8a70b08b2e5c3bf5033a56a00a19e656db82"
    }
  },
  {
    "model": "wagtailimages.image",
    "pk": 32,
    "fields": {
      "collection": 1,
      "title": "submit-img-1",
      "file": "original_images/submit-img-1.png",
      "width": 487,
      "height": 368,
      "created_at": "2024-11-20T10:56:20.793Z",
      "uploaded_by_user": 1,
      "focal_point_x": null,
      "focal_point_y": null,
      "focal_point_width": null,
      "focal_point_height": null,
      "file_size": 205627,
      "file_hash": "cbc69a1b87e53fd08433f955f5640199649ba01c"
    }
  },
  {
    "model": "wagtailimages.image",
    "pk": 33,
    "fields": {
      "collection": 1,
      "title": "main-blog-img",
      "file": "original_images/main-blog-img.jpg",
      "width": 1076,
      "height": 454,
      "created_at": "2024-11-20T10:58:01.233Z",
      "uploaded_by_user": 1,
      "focal_point_x": null,
      "focal_point_y": null,
      "focal_point_width": null,
      "focal_point_height": null,
      "file_size": 247482,
      "file_hash": "66e16e7efd8bf906042ca204627fad58b4114dac"
    }
  },
  {
    "model": "wagtailimages.image",
    "pk": 34,
    "fields": {
      "collection": 1,
      "title": "news",
      "file": "original_images/news-.jpg",
      "width": 479,
      "height": 286,
      "created_at": "2024-11-20T10:58:57.571Z",
      "uploaded_by_user": 1,
      "focal_point_x": null,
      "focal_point_y": null,
      "focal_point_width": null,
      "focal_point_height": null,
      "file_size": 135660,
      "file_hash": "74861803fd6df6bf02c5467b9e9c644b69377435"
    }
  },
  {
    "model": "wagtailimages.image",
    "pk": 35,
    "fields": {
      "collection": 1,
      "title": "main-blog-img",
      "file": "original_images/news.jpg",
      "width": 1541,
      "height": 379,
      "created_at": "2024-11-20T11:00:03.933Z",
      "uploaded_by_user": 1,
      "focal_point_x": null,
      "focal_point_y": null,
      "focal_point_width": null,
      "focal_point_height": null,
      "file_size": 378944,
      "file_hash": "266e0de2bf00a32e9c8e0dbeef847e059140e78a"
    }
  },
  {
    "model": "wagtailimages.image",
    "pk": 36,
    "fields": {
      "collection": 1,
      "title": "map",
      "file": "original_images/map.jpg",
      "width": 454,
      "height": 473,
      "created_at": "2024-11-20T11:16:06.473Z",
      "uploaded_by_user": 1,
      "focal_point_x": null,
      "focal_point_y": null,
      "focal_point_width": null,
      "focal_point_height": null,
      "file_size": 176809,
      "file_hash": "48419cbbd6a41ff1373876a76cb7eda06e144006"
    }
  },
  {
    "model": "wagtailimages.image",
    "pk": 37,
    "fields": {
      "collection": 1,
      "title": "interest",
      "file": "original_images/interest.jpg",
      "width": 1198,
      "height": 438,
      "created_at": "2024-11-20T11:19:13.581Z",
      "uploaded_by_user": 1,
      "focal_point_x": null,
      "focal_point_y": null,
      "focal_point_width": null,
      "focal_point_height": null,
      "file_size": 349118,
      "file_hash": "4cfa115c577640906bcf7feb7d316032896bede0"
    }
  },
  {
    "model": "wagtailimages.image",
    "pk": 38,
    "fields": {
      "collection": 1,
      "title": "big-img",
      "file": "original_images/big-img.jpg",
      "width": 431,
      "height": 326,
      "created_at": "2024-11-20T11:19:41.645Z",
      "uploaded_by_user": 1,
      "focal_point_x": null,
      "focal_point_y": null,
      "focal_point_width": null,
      "focal_point_height": null,
      "file_size": 100774,
      "file_hash": "67ac3688f5f37ce3b73fae49f558793d7dbc3e3a"
    }
  },
  {
    "model": "wagtailimages.image",
    "pk": 40,
    "fields": {
      "collection": 1,
      "title": "small-imgs",
      "file": "original_images/small-imgs.jpg",
      "width": 232,
      "height": 163,
      "created_at": "2024-11-20T11:20:37.784Z",
      "uploaded_by_user": 1,
      "focal_point_x": null,
      "focal_point_y": null,
      "focal_point_width": null,
      "focal_point_height": null,
      "file_size": 33949,
      "file_hash": "027d2f1b1e54e4dfcdb2ab2782b1c28d14d0bfba"
    }
  },
  {
    "model": "wagtailimages.rendition",
    "pk": 1,
    "fields": {
      "filter_spec": "max-165x165",
      "file": "images/footer-img.max-165x165.svg",
      "width": 160,
      "height": 160,
      "focal_point_key": "",
      "image": 1
    }
  },
  {
    "model": "wagtailimages.rendition",
    "pk": 2,
    "fields": {
      "filter_spec": "max-165x165",
      "file": "images/logo.max-165x165.svg",
      "width": 165,
      "height": 39,
      "focal_point_key": "",
      "image": 2
    }
  },
  {
    "model": "wagtailimages.rendition",
    "pk": 3,
    "fields": {
      "filter_spec": "max-165x165",
      "file": "images/Icon-ionic-md-time.max-165x165.svg",
      "width": 29,
      "height": 29,
      "focal_point_key": "",
      "image": 3
    }
  },
  {
    "model": "wagtailimages.rendition",
    "pk": 4,
    "fields": {
      "filter_spec": "max-165x165",
      "file": "images/Icon-map-city-hall.max-165x165.svg",
      "width": 26,
      "height": 34,
      "focal_point_key": "",
      "image": 4
    }
  },
  {
    "model": "wagtailimages.rendition",
    "pk": 5,
    "fields": {
      "filter_spec": "max-165x165",
      "file": "images/Icon-feather-home.max-165x165.svg",
      "width": 30,
      "height": 33,
      "focal_point_key": "",
      "image": 5
    }
  },
  {
    "model": "wagtailimages.rendition",
    "pk": 6,
    "fields": {
      "filter_spec": "width-1024",
      "file": "images/logo.width-1024.svg",
      "width": 258,
      "height": 61,
      "focal_point_key": "",
      "image": 2
    }
  },
  {
    "model": "wagtailimages.rendition",
    "pk": 7,
    "fields": {
      "filter_spec": "width-1024",
      "file": "images/footer-img.width-1024.svg",
      "width": 160,
      "height": 160,
      "focal_point_key": "",
      "image": 1
    }
  },
  {
    "model": "wagtailimages.rendition",
    "pk": 8,
    "fields": {
      "filter_spec": "max-165x165",
      "file": "images/history.max-165x165.jpg",
      "width": 165,
      "height": 99,
      "focal_point_key": "",
      "image": 6
    }
  },
  {
    "model": "wagtailimages.rendition",
    "pk": 9,
    "fields": {
      "filter_spec": "max-165x165",
      "file": "images/1.max-165x165.jpg",
      "width": 165,
      "height": 165,
      "focal_point_key": "",
      "image": 7
    }
  },
  {
    "model": "wagtailimages.rendition",
    "pk": 10,
    "fields": {
      "filter_spec": "max-165x165",
      "file": "images/2.max-165x165.jpg",
      "width": 165,
      "height": 165,
      "focal_point_key": "",
      "image": 8
    }
  },
  {
    "model": "wagtailimages.rendition",
    "pk": 11,
    "fields": {
      "filter_spec": "max-165x165",
      "file": "images/3.max-165x165.jpg",
      "width": 165,
      "height": 165,
      "focal_point_key": "",
      "image": 9
    }
  },
  {
    "model": "wagtailimages.rendition",
    "pk": 12,
    "fields": {
      "filter_spec": "max-165x165",
      "file": "images/4.max-165x165.jpg",
      "width": 165,
      "height": 165,
      "focal_point_key": "",
      "image": 10
    }
  },
  {
    "model": "wagtailimages.rendition",
    "pk": 13,
    "fields": {
      "filter_spec": "max-165x165",
      "file": "images/5.max-165x165.jpg",
      "width": 165,
      "height": 165,
      "focal_point_key": "",
      "image": 11
    }
  },
  {
    "model": "wagtailimages.rendition",
    "pk": 14,
    "fields": {
      "filter_spec": "width-1024",
      "file": "images/1.width-1024.jpg",
      "width": 197,
      "height": 197,
      "focal_point_key": "",
      "image": 7
    }
  },
  {
    "model": "wagtailimages.rendition",
    "pk": 15,
    "fields": {
      "filter_spec": "width-1024",
      "file": "images/2.width-1024.jpg",
      "width": 324,
      "height": 324,
      "focal_point_key": "",
      "image": 8
    }
  },
  {
    "model": "wagtailimages.rendition",
    "pk": 16,
    "fields": {
      "filter_spec": "width-1024",
      "file": "images/3.width-1024.jpg",
      "width": 346,
      "height": 346,
      "focal_point_key": "",
      "image": 9
    }
  },
  {
    "model": "wagtailimages.rendition",
    "pk": 17,
    "fields": {
      "filter_spec": "width-1024",
      "file": "images/4.width-1024.jpg",
      "width": 222,
      "height": 222,
      "focal_point_key": "",
      "image": 10
    }
  },
  {
    "model": "wagtailimages.rendition",
    "pk": 18,
    "fields": {
      "filter_spec": "width-1024",
      "file": "images/5.width-1024.jpg",
      "width": 266,
      "height": 266,
      "focal_point_key": "",
      "image": 11
    }
  },
  {
    "model": "wagtailimages.rendition",
    "pk": 19,
    "fields": {
      "filter_spec": "max-165x165",
      "file": "images/1.max-165x165.svg",
      "width": 62,
      "height": 90,
      "focal_point_key": "",
      "image": 12
    }
  },
  {
    "model": "wagtailimages.rendition",
    "pk": 20,
    "fields": {
      "filter_spec": "max-165x165",
      "file": "images/2.max-165x165.svg",
      "width": 74,
      "height": 90,
      "focal_point_key": "",
      "image": 13
    }
  },
  {
    "model": "wagtailimages.rendition",
    "pk": 21,
    "fields": {
      "filter_spec": "max-165x165",
      "file": "images/3.max-165x165.svg",
      "width": 59,
      "height": 90,
      "focal_point_key": "",
      "image": 14
    }
  },
  {
    "model": "wagtailimages.rendition",
    "pk": 22,
    "fields": {
      "filter_spec": "max-165x165",
      "file": "images/4.max-165x165.svg",
      "width": 90,
      "height": 90,
      "focal_point_key": "",
      "image": 15
    }
  },
  {
    "model": "wagtailimages.rendition",
    "pk": 23,
    "fields": {
      "filter_spec": "max-165x165",
      "file": "images/5.max-165x165.svg",
      "width": 83,
      "height": 90,
      "focal_point_key": "",
      "image": 16
    }
  },
  {
    "model": "wagtailimages.rendition",
    "pk": 24,
    "fields": {
      "filter_spec": "max-165x165",
      "file": "images/school-min.max-165x165.jpg",
      "width": 165,
      "height": 68,
      "focal_point_key": "",
      "image": 17
    }
  },
  {
    "model": "wagtailimages.rendition",
    "pk": 25,
    "fields": {
      "filter_spec": "max-165x165",
      "file": "images/school.max-165x165.png",
      "width": 165,
      "height": 108,
      "focal_point_key": "",
      "image": 18
    }
  },
  {
    "model": "wagtailimages.rendition",
    "pk": 26,
    "fields": {
      "filter_spec": "width-1024",
      "file": "images/1.width-1024.svg",
      "width": 62,
      "height": 90,
      "focal_point_key": "",
      "image": 12
    }
  },
  {
    "model": "wagtailimages.rendition",
    "pk": 27,
    "fields": {
      "filter_spec": "width-1024",
      "file": "images/2.width-1024.svg",
      "width": 74,
      "height": 90,
      "focal_point_key": "",
      "image": 13
    }
  },
  {
    "model": "wagtailimages.rendition",
    "pk": 28,
    "fields": {
      "filter_spec": "width-1024",
      "file": "images/3.width-1024.svg",
      "width": 59,
      "height": 90,
      "focal_point_key": "",
      "image": 14
    }
  },
  {
    "model": "wagtailimages.rendition",
    "pk": 29,
    "fields": {
      "filter_spec": "width-1024",
      "file": "images/4.width-1024.svg",
      "width": 90,
      "height": 90,
      "focal_point_key": "",
      "image": 15
    }
  },
  {
    "model": "wagtailimages.rendition",
    "pk": 30,
    "fields": {
      "filter_spec": "width-1024",
      "file": "images/5.width-1024.svg",
      "width": 83,
      "height": 90,
      "focal_point_key": "",
      "image": 16
    }
  },
  {
    "model": "wagtailimages.rendition",
    "pk": 31,
    "fields": {
      "filter_spec": "width-1024",
      "file": "images/school-min.width-1024.jpg",
      "width": 1024,
      "height": 426,
      "focal_point_key": "",
      "image": 17
    }
  },
  {
    "model": "wagtailimages.rendition",
    "pk": 32,
    "fields": {
      "filter_spec": "width-1024",
      "file": "images/school.width-1024.png",
      "width": 974,
      "height": 638,
      "focal_point_key": "",
      "image": 18
    }
  },
  {
    "model": "wagtailimages.rendition",
    "pk": 33,
    "fields": {
      "filter_spec": "max-165x165",
      "file": "images/team-1.max-165x165.jpg",
      "width": 165,
      "height": 165,
      "focal_point_key": "",
      "image": 19
    }
  },
  {
    "model": "wagtailimages.rendition",
    "pk": 34,
    "fields": {
      "filter_spec": "max-165x165",
      "file": "images/team-4.max-165x165.jpg",
      "width": 165,
      "height": 165,
      "focal_point_key": "",
      "image": 20
    }
  },
  {
    "model": "wagtailimages.rendition",
    "pk": 35,
    "fields": {
      "filter_spec": "max-165x165",
      "file": "images/team-2.max-165x165.jpg",
      "width": 165,
      "height": 165,
      "focal_point_key": "",
      "image": 21
    }
  },
  {
    "model": "wagtailimages.rendition",
    "pk": 36,
    "fields": {
      "filter_spec": "max-165x165",
      "file": "images/team-3.max-165x165.jpg",
      "width": 165,
      "height": 165,
      "focal_point_key": "",
      "image": 22
    }
  },
  {
    "model": "wagtailimages.rendition",
    "pk": 37,
    "fields": {
      "filter_spec": "width-1024",
      "file": "images/team-1.width-1024.jpg",
      "width": 600,
      "height": 600,
      "focal_point_key": "",
      "image": 19
    }
  },
  {
    "model": "wagtailimages.rendition",
    "pk": 38,
    "fields": {
      "filter_spec": "width-1024",
      "file": "images/team-2.width-1024.jpg",
      "width": 600,
      "height": 600,
      "focal_point_key": "",
      "image": 21
    }
  },
  {
    "model": "wagtailimages.rendition",
    "pk": 39,
    "fields": {
      "filter_spec": "width-1024",
      "file": "images/team-4.width-1024.jpg",
      "width": 600,
      "height": 600,
      "focal_point_key": "",
      "image": 20
    }
  },
  {
    "model": "wagtailimages.rendition",
    "pk": 40,
    "fields": {
      "filter_spec": "width-1024",
      "file": "images/team-3.width-1024.jpg",
      "width": 600,
      "height": 600,
      "focal_point_key": "",
      "image": 22
    }
  },
  {
    "model": "wagtailimages.rendition",
    "pk": 41,
    "fields": {
      "filter_spec": "max-165x165",
      "file": "images/slider-1.max-165x165.jpg",
      "width": 165,
      "height": 60,
      "focal_point_key": "",
      "image": 23
    }
  },
  {
    "model": "wagtailimages.rendition",
    "pk": 42,
    "fields": {
      "filter_spec": "max-165x165",
      "file": "images/development.max-165x165.svg",
      "width": 46,
      "height": 46,
      "focal_point_key": "",
      "image": 24
    }
  },
  {
    "model": "wagtailimages.rendition",
    "pk": 43,
    "fields": {
      "filter_spec": "max-165x165",
      "file": "images/infistructure.max-165x165.svg",
      "width": 50,
      "height": 46,
      "focal_point_key": "",
      "image": 25
    }
  },
  {
    "model": "wagtailimages.rendition",
    "pk": 44,
    "fields": {
      "filter_spec": "max-165x165",
      "file": "images/support.max-165x165.svg",
      "width": 50,
      "height": 46,
      "focal_point_key": "",
      "image": 26
    }
  },
  {
    "model": "wagtailimages.rendition",
    "pk": 45,
    "fields": {
      "filter_spec": "width-1024",
      "file": "images/slider-1.width-1024.jpg",
      "width": 1024,
      "height": 378,
      "focal_point_key": "",
      "image": 23
    }
  },
  {
    "model": "wagtailimages.rendition",
    "pk": 46,
    "fields": {
      "filter_spec": "width-1024",
      "file": "images/development.width-1024.svg",
      "width": 46,
      "height": 46,
      "focal_point_key": "",
      "image": 24
    }
  },
  {
    "model": "wagtailimages.rendition",
    "pk": 47,
    "fields": {
      "filter_spec": "width-1024",
      "file": "images/infistructure.width-1024.svg",
      "width": 50,
      "height": 46,
      "focal_point_key": "",
      "image": 25
    }
  },
  {
    "model": "wagtailimages.rendition",
    "pk": 48,
    "fields": {
      "filter_spec": "width-1024",
      "file": "images/support.width-1024.svg",
      "width": 50,
      "height": 46,
      "focal_point_key": "",
      "image": 26
    }
  },
  {
    "model": "wagtailimages.rendition",
    "pk": 49,
    "fields": {
      "filter_spec": "max-165x165",
      "file": "images/fire.max-165x165.svg",
      "width": 26,
      "height": 30,
      "focal_point_key": "",
      "image": 27
    }
  },
  {
    "model": "wagtailimages.rendition",
    "pk": 50,
    "fields": {
      "filter_spec": "max-165x165",
      "file": "images/fire-department.max-165x165.jpg",
      "width": 165,
      "height": 73,
      "focal_point_key": "",
      "image": 28
    }
  },
  {
    "model": "wagtailimages.rendition",
    "pk": 51,
    "fields": {
      "filter_spec": "max-165x165",
      "file": "images/Sheriff.max-165x165.svg",
      "width": 30,
      "height": 34,
      "focal_point_key": "",
      "image": 29
    }
  },
  {
    "model": "wagtailimages.rendition",
    "pk": 52,
    "fields": {
      "filter_spec": "max-165x165",
      "file": "images/check-box.max-165x165.svg",
      "width": 53,
      "height": 54,
      "focal_point_key": "",
      "image": 30
    }
  },
  {
    "model": "wagtailimages.rendition",
    "pk": 53,
    "fields": {
      "filter_spec": "max-165x165",
      "file": "images/submit-img-2.max-165x165.png",
      "width": 165,
      "height": 115,
      "focal_point_key": "",
      "image": 31
    }
  },
  {
    "model": "wagtailimages.rendition",
    "pk": 54,
    "fields": {
      "filter_spec": "max-165x165",
      "file": "images/submit-img-1.max-165x165.png",
      "width": 165,
      "height": 124,
      "focal_point_key": "",
      "image": 32
    }
  },
  {
    "model": "wagtailimages.rendition",
    "pk": 55,
    "fields": {
      "filter_spec": "max-165x165",
      "file": "images/main-blog-img.max-165x165.jpg",
      "width": 165,
      "height": 69,
      "focal_point_key": "",
      "image": 33
    }
  },
  {
    "model": "wagtailimages.rendition",
    "pk": 56,
    "fields": {
      "filter_spec": "max-165x165",
      "file": "images/news-.max-165x165.jpg",
      "width": 165,
      "height": 98,
      "focal_point_key": "",
      "image": 34
    }
  },
  {
    "model": "wagtailimages.rendition",
    "pk": 57,
    "fields": {
      "filter_spec": "max-165x165",
      "file": "images/news.max-165x165.jpg",
      "width": 165,
      "height": 40,
      "focal_point_key": "",
      "image": 35
    }
  },
  {
    "model": "wagtailimages.rendition",
    "pk": 58,
    "fields": {
      "filter_spec": "max-165x165",
      "file": "images/map.max-165x165.jpg",
      "width": 158,
      "height": 165,
      "focal_point_key": "",
      "image": 36
    }
  },
  {
    "model": "wagtailimages.rendition",
    "pk": 59,
    "fields": {
      "filter_spec": "max-165x165",
      "file": "images/interest.max-165x165.jpg",
      "width": 165,
      "height": 60,
      "focal_point_key": "",
      "image": 37
    }
  },
  {
    "model": "wagtailimages.rendition",
    "pk": 60,
    "fields": {
      "filter_spec": "max-165x165",
      "file": "images/big-img.max-165x165.jpg",
      "width": 165,
      "height": 124,
      "focal_point_key": "",
      "image": 38
    }
  },
  {
    "model": "wagtailimages.rendition",
    "pk": 61,
    "fields": {
      "filter_spec": "max-800x600",
      "file": "images/big-img.max-800x600.jpg",
      "width": 431,
      "height": 326,
      "focal_point_key": "",
      "image": 38
    }
  },
  {
    "model": "wagtailimages.rendition",
    "pk": 63,
    "fields": {
      "filter_spec": "max-165x165",
      "file": "images/small-imgs.max-165x165.jpg",
      "width": 165,
      "height": 115,
      "focal_point_key": "",
      "image": 40
    }
  },
  {
    "model": "wagtailimages.rendition",
    "pk": 64,
    "fields": {
      "filter_spec": "max-800x600",
      "file": "images/history.max-800x600.jpg",
      "width": 727,
      "height": 437,
      "focal_point_key": "",
      "image": 6
    }
  },
  {
    "model": "wagtailimages.rendition",
    "pk": 66,
    "fields": {
      "filter_spec": "width-1024",
      "file": "images/news.width-1024.jpg",
      "width": 1024,
      "height": 251,
      "focal_point_key": "",
      "image": 35
    }
  },
  {
    "model": "wagtailimages.rendition",
    "pk": 67,
    "fields": {
      "filter_spec": "width-1024",
      "file": "images/main-blog-img.width-1024.jpg",
      "width": 1024,
      "height": 432,
      "focal_point_key": "",
      "image": 33
    }
  },
  {
    "model": "wagtailimages.rendition",
    "pk": 68,
    "fields": {
      "filter_spec": "width-1024",
      "file": "images/submit-img-2.width-1024.png",
      "width": 487,
      "height": 341,
      "focal_point_key": "",
      "image": 31
    }
  },
  {
    "model": "wagtailimages.rendition",
    "pk": 69,
    "fields": {
      "filter_spec": "width-1024",
      "file": "images/submit-img-1.width-1024.png",
      "width": 487,
      "height": 368,
      "focal_point_key": "",
      "image": 32
    }
  },
  {
    "model": "wagtailimages.rendition",
    "pk": 70,
    "fields": {
      "filter_spec": "width-1024",
      "file": "images/fire.width-1024.svg",
      "width": 26,
      "height": 30,
      "focal_point_key": "",
      "image": 27
    }
  },
  {
    "model": "wagtailimages.rendition",
    "pk": 71,
    "fields": {
      "filter_spec": "width-1024",
      "file": "images/Sheriff.width-1024.svg",
      "width": 30,
      "height": 34,
      "focal_point_key": "",
      "image": 29
    }
  },
  {
    "model": "wagtailimages.rendition",
    "pk": 72,
    "fields": {
      "filter_spec": "width-1024",
      "file": "images/fire-department.width-1024.jpg",
      "width": 1024,
      "height": 455,
      "focal_point_key": "",
      "image": 28
    }
  },
  {
    "model": "wagtailimages.rendition",
    "pk": 73,
    "fields": {
      "filter_spec": "width-1024",
      "file": "images/check-box.width-1024.svg",
      "width": 53,
      "height": 54,
      "focal_point_key": "",
      "image": 30
    }
  },
  {
    "model": "wagtailimages.rendition",
    "pk": 74,
    "fields": {
      "filter_spec": "width-1024",
      "file": "images/news-.width-1024.jpg",
      "width": 479,
      "height": 286,
      "focal_point_key": "",
      "image": 34
    }
  },
  {
    "model": "wagtailimages.rendition",
    "pk": 75,
    "fields": {
      "filter_spec": "width-1024",
      "file": "images/history.width-1024.jpg",
      "width": 727,
      "height": 437,
      "focal_point_key": "",
      "image": 6
    }
  },
  {
    "model": "wagtailimages.rendition",
    "pk": 76,
    "fields": {
      "filter_spec": "width-1024",
      "file": "images/small-imgs.width-1024.jpg",
      "width": 232,
      "height": 163,
      "focal_point_key": "",
      "image": 40
    }
  },
  {
    "model": "wagtailimages.rendition",
    "pk": 77,
    "fields": {
      "filter_spec": "width-1024",
      "file": "images/map.width-1024.jpg",
      "width": 454,
      "height": 473,
      "focal_point_key": "",
      "image": 36
    }
  },
  {
    "model": "wagtailimages.rendition",
    "pk": 78,
    "fields": {
      "filter_spec": "width-1024",
      "file": "images/interest.width-1024.jpg",
      "width": 1024,
      "height": 374,
      "focal_point_key": "",
      "image": 37
    }
  },
  {
    "model": "wagtailimages.rendition",
    "pk": 79,
    "fields": {
      "filter_spec": "width-1024",
      "file": "images/big-img.width-1024.jpg",
      "width": 431,
      "height": 326,
      "focal_point_key": "",
      "image": 38
    }
  },
  {
    "model": "wagtailsearch.indexentry",
    "pk": 3,
    "fields": {
      "content_type": 43,
      "object_id": "3",
      "title_norm": 2.1166666666666667,
      "autocomplete": "'home':1",
      "title": "'home':1B",
      "body": ""
    }
  },
  {
    "model": "wagtailsearch.indexentry",
    "pk": 6,
    "fields": {
      "content_type": 2,
      "object_id": "1",
      "title_norm": 0.8888888888888888,
      "autocomplete": "'footer':2 'footer-img':1 'img':3",
      "title": "'footer':2A 'footer-img':1A 'img':3A",
      "body": ""
    }
  },
  {
    "model": "wagtailsearch.indexentry",
    "pk": 8,
    "fields": {
      "content_type": 2,
      "object_id": "2",
      "title_norm": 2.25,
      "autocomplete": "'logo':1",
      "title": "'logo':1A",
      "body": ""
    }
  },
  {
    "model": "wagtailsearch.indexentry",
    "pk": 10,
    "fields": {
      "content_type": 2,
      "object_id": "3",
      "title_norm": 0.56,
      "autocomplete": "'icon':2 'icon-ionic-md-time':1 'ionic':3 'md':4 'time':5",
      "title": "'icon':2A 'icon-ionic-md-tim':1A 'ionic':3A 'md':4A 'time':5A",
      "body": ""
    }
  },
  {
    "model": "wagtailsearch.indexentry",
    "pk": 12,
    "fields": {
      "content_type": 2,
      "object_id": "4",
      "title_norm": 0.6333333333333333,
      "autocomplete": "'city':4 'hall':5 'icon':2 'icon-map-city-hall':1 'map':3",
      "title": "'citi':4A 'hall':5A 'icon':2A 'icon-map-city-hal':1A 'map':3A",
      "body": ""
    }
  },
  {
    "model": "wagtailsearch.indexentry",
    "pk": 14,
    "fields": {
      "content_type": 2,
      "object_id": "5",
      "title_norm": 0.8214285714285714,
      "autocomplete": "'feather':3 'home':4 'icon':2 'icon-feather-home':1",
      "title": "'feather':3A 'home':4A 'icon':2A 'icon-feather-hom':1A",
      "body": ""
    }
  },
  {
    "model": "wagtailsearch.indexentry",
    "pk": 16,
    "fields": {
      "content_type": 1,
      "object_id": "1",
      "title_norm": 3.0,
      "autocomplete": "'root':1",
      "title": "'root':1B",
      "body": ""
    }
  },
  {
    "model": "wagtailsearch.indexentry",
    "pk": 17,
    "fields": {
      "content_type": 2,
      "object_id": "6",
      "title_norm": 2.625,
      "autocomplete": "'history':1",
      "title": "'histori':1A",
      "body": ""
    }
  },
  {
    "model": "wagtailsearch.indexentry",
    "pk": 19,
    "fields": {
      "content_type": 2,
      "object_id": "7",
      "title_norm": 2.444444444444444,
      "autocomplete": "'1':1",
      "title": "'1':1A",
      "body": ""
    }
  },
  {
    "model": "wagtailsearch.indexentry",
    "pk": 21,
    "fields": {
      "content_type": 2,
      "object_id": "8",
      "title_norm": 2.3,
      "autocomplete": "'2':1",
      "title": "'2':1A",
      "body": ""
    }
  },
  {
    "model": "wagtailsearch.indexentry",
    "pk": 23,
    "fields": {
      "content_type": 2,
      "object_id": "9",
      "title_norm": 2.1818181818181817,
      "autocomplete": "'3':1",
      "title": "'3':1A",
      "body": ""
    }
  },
  {
    "model": "wagtailsearch.indexentry",
    "pk": 25,
    "fields": {
      "content_type": 2,
      "object_id": "10",
      "title_norm": 2.0833333333333335,
      "autocomplete": "'4':1",
      "title": "'4':1A",
      "body": ""
    }
  },
  {
    "model": "wagtailsearch.indexentry",
    "pk": 27,
    "fields": {
      "content_type": 2,
      "object_id": "11",
      "title_norm": 2.0,
      "autocomplete": "'5':1",
      "title": "'5':1A",
      "body": ""
    }
  },
  {
    "model": "wagtailsearch.indexentry",
    "pk": 31,
    "fields": {
      "content_type": 2,
      "object_id": "12",
      "title_norm": 1.9285714285714286,
      "autocomplete": "'1':1",
      "title": "'1':1A",
      "body": ""
    }
  },
  {
    "model": "wagtailsearch.indexentry",
    "pk": 33,
    "fields": {
      "content_type": 2,
      "object_id": "13",
      "title_norm": 1.8666666666666667,
      "autocomplete": "'2':1",
      "title": "'2':1A",
      "body": ""
    }
  },
  {
    "model": "wagtailsearch.indexentry",
    "pk": 35,
    "fields": {
      "content_type": 2,
      "object_id": "14",
      "title_norm": 1.8125,
      "autocomplete": "'3':1",
      "title": "'3':1A",
      "body": ""
    }
  },
  {
    "model": "wagtailsearch.indexentry",
    "pk": 37,
    "fields": {
      "content_type": 2,
      "object_id": "15",
      "title_norm": 1.7647058823529411,
      "autocomplete": "'4':1",
      "title": "'4':1A",
      "body": ""
    }
  },
  {
    "model": "wagtailsearch.indexentry",
    "pk": 39,
    "fields": {
      "content_type": 2,
      "object_id": "16",
      "title_norm": 1.722222222222222,
      "autocomplete": "'5':1",
      "title": "'5':1A",
      "body": ""
    }
  },
  {
    "model": "wagtailsearch.indexentry",
    "pk": 41,
    "fields": {
      "content_type": 2,
      "object_id": "17",
      "title_norm": 0.5964912280701754,
      "autocomplete": "'min':3 'school':2 'school-min':1",
      "title": "'min':3A 'school':2A 'school-min':1A",
      "body": ""
    }
  },
  {
    "model": "wagtailsearch.indexentry",
    "pk": 43,
    "fields": {
      "content_type": 2,
      "object_id": "18",
      "title_norm": 1.75,
      "autocomplete": "'school':1",
      "title": "'school':1A",
      "body": ""
    }
  },
  {
    "model": "wagtailsearch.indexentry",
    "pk": 47,
    "fields": {
      "content_type": 2,
      "object_id": "19",
      "title_norm": 0.8809523809523809,
      "autocomplete": "'-1':2 'team':1",
      "title": "'-1':2A 'team':1A",
      "body": ""
    }
  },
  {
    "model": "wagtailsearch.indexentry",
    "pk": 49,
    "fields": {
      "content_type": 2,
      "object_id": "20",
      "title_norm": 0.8863636363636364,
      "autocomplete": "'-4':2 'team':1",
      "title": "'-4':2A 'team':1A",
      "body": ""
    }
  },
  {
    "model": "wagtailsearch.indexentry",
    "pk": 51,
    "fields": {
      "content_type": 2,
      "object_id": "21",
      "title_norm": 0.8913043478260869,
      "autocomplete": "'-2':2 'team':1",
      "title": "'-2':2A 'team':1A",
      "body": ""
    }
  },
  {
    "model": "wagtailsearch.indexentry",
    "pk": 53,
    "fields": {
      "content_type": 2,
      "object_id": "22",
      "title_norm": 0.8958333333333334,
      "autocomplete": "'-3':2 'team':1",
      "title": "'-3':2A 'team':1A",
      "body": ""
    }
  },
  {
    "model": "wagtailsearch.indexentry",
    "pk": 55,
    "fields": {
      "content_type": 60,
      "object_id": "4",
      "title_norm": 0.9,
      "autocomplete": "'our':2 'our-team':1 'team':3",
      "title": "'our-team':1B 'team':3B",
      "body": ""
    }
  },
  {
    "model": "wagtailsearch.indexentry",
    "pk": 58,
    "fields": {
      "content_type": 2,
      "object_id": "23",
      "title_norm": 0.9038461538461539,
      "autocomplete": "'-1':2 'slider':1",
      "title": "'-1':2A 'slider':1A",
      "body": ""
    }
  },
  {
    "model": "wagtailsearch.indexentry",
    "pk": 60,
    "fields": {
      "content_type": 2,
      "object_id": "24",
      "title_norm": 1.777777777777778,
      "autocomplete": "'development':1",
      "title": "'develop':1A",
      "body": ""
    }
  },
  {
    "model": "wagtailsearch.indexentry",
    "pk": 62,
    "fields": {
      "content_type": 2,
      "object_id": "25",
      "title_norm": 1.75,
      "autocomplete": "'infistructure':1",
      "title": "'infistructur':1A",
      "body": ""
    }
  },
  {
    "model": "wagtailsearch.indexentry",
    "pk": 64,
    "fields": {
      "content_type": 2,
      "object_id": "26",
      "title_norm": 1.7241379310344829,
      "autocomplete": "'support':1",
      "title": "'support':1A",
      "body": ""
    }
  },
  {
    "model": "wagtailsearch.indexentry",
    "pk": 66,
    "fields": {
      "content_type": 62,
      "object_id": "5",
      "title_norm": 0.5888888888888889,
      "autocomplete": "'business':2 'business-development':1 'development':3",
      "title": "'busi':2B 'business-develop':1B 'develop':3B",
      "body": ""
    }
  },
  {
    "model": "wagtailsearch.indexentry",
    "pk": 69,
    "fields": {
      "content_type": 57,
      "object_id": "6",
      "title_norm": 1.7419354838709677,
      "autocomplete": "'contacts':1",
      "title": "'contact':1B",
      "body": ""
    }
  },
  {
    "model": "wagtailsearch.indexentry",
    "pk": 72,
    "fields": {
      "content_type": 2,
      "object_id": "27",
      "title_norm": 1.71875,
      "autocomplete": "'fire':1",
      "title": "'fire':1A",
      "body": ""
    }
  },
  {
    "model": "wagtailsearch.indexentry",
    "pk": 74,
    "fields": {
      "content_type": 2,
      "object_id": "28",
      "title_norm": 0.5858585858585859,
      "autocomplete": "'department':3 'fire':2 'fire-department':1",
      "title": "'depart':3A 'fire':2A 'fire-depart':1A",
      "body": ""
    }
  },
  {
    "model": "wagtailsearch.indexentry",
    "pk": 76,
    "fields": {
      "content_type": 2,
      "object_id": "29",
      "title_norm": 1.7352941176470589,
      "autocomplete": "'sheriff':1",
      "title": "'sheriff':1A",
      "body": ""
    }
  },
  {
    "model": "wagtailsearch.indexentry",
    "pk": 78,
    "fields": {
      "content_type": 85,
      "object_id": "7",
      "title_norm": 0.5904761904761905,
      "autocomplete": "'emergency':2 'emergency-service':1 'service':3",
      "title": "'emerg':2B 'emergency-servic':1B 'servic':3B",
      "body": ""
    }
  },
  {
    "model": "wagtailsearch.indexentry",
    "pk": 81,
    "fields": {
      "content_type": 2,
      "object_id": "30",
      "title_norm": 0.6018518518518519,
      "autocomplete": "'box':3 'check':2 'check-box':1",
      "title": "'box':3A 'check':2A 'check-box':1A",
      "body": ""
    }
  },
  {
    "model": "wagtailsearch.indexentry",
    "pk": 83,
    "fields": {
      "content_type": 49,
      "object_id": "8",
      "title_norm": 1.7837837837837838,
      "autocomplete": "'lands':1",
      "title": "'land':1B",
      "body": ""
    }
  },
  {
    "model": "wagtailsearch.indexentry",
    "pk": 86,
    "fields": {
      "content_type": 76,
      "object_id": "9",
      "title_norm": 1.763157894736842,
      "autocomplete": "'elections':1",
      "title": "'elect':1B",
      "body": ""
    }
  },
  {
    "model": "wagtailsearch.indexentry",
    "pk": 89,
    "fields": {
      "content_type": 77,
      "object_id": "10",
      "title_norm": 0.5982905982905984,
      "autocomplete": "'election':3 'single':2 'single-election':1",
      "title": "'elect':3B 'singl':2B 'single-elect':1B",
      "body": ""
    }
  },
  {
    "model": "wagtailsearch.indexentry",
    "pk": 92,
    "fields": {
      "content_type": 2,
      "object_id": "31",
      "title_norm": 0.4625,
      "autocomplete": "'2':4 'img':3 'submit':2 'submit-img':1",
      "title": "'2':4A 'img':3A 'submit':2A 'submit-img':1A",
      "body": ""
    }
  },
  {
    "model": "wagtailsearch.indexentry",
    "pk": 94,
    "fields": {
      "content_type": 2,
      "object_id": "32",
      "title_norm": 0.47560975609756095,
      "autocomplete": "'1':4 'img':3 'submit':2 'submit-img':1",
      "title": "'1':4A 'img':3A 'submit':2A 'submit-img':1A",
      "body": ""
    }
  },
  {
    "model": "wagtailsearch.indexentry",
    "pk": 96,
    "fields": {
      "content_type": 55,
      "object_id": "11",
      "title_norm": 1.880952380952381,
      "autocomplete": "'news':1",
      "title": "'news':1B",
      "body": ""
    }
  },
  {
    "model": "wagtailsearch.indexentry",
    "pk": 99,
    "fields": {
      "content_type": 2,
      "object_id": "33",
      "title_norm": 0.48255813953488375,
      "autocomplete": "'blog':3 'img':4 'main':2 'main-blog-img':1",
      "title": "'blog':3A 'img':4A 'main':2A 'main-blog-img':1A",
      "body": ""
    }
  },
  {
    "model": "wagtailsearch.indexentry",
    "pk": 101,
    "fields": {
      "content_type": 2,
      "object_id": "34",
      "title_norm": 1.9090909090909092,
      "autocomplete": "'news':1",
      "title": "'news':1A",
      "body": ""
    }
  },
  {
    "model": "wagtailsearch.indexentry",
    "pk": 103,
    "fields": {
      "content_type": 2,
      "object_id": "35",
      "title_norm": 0.4888888888888889,
      "autocomplete": "'blog':3 'img':4 'main':2 'main-blog-img':1",
      "title": "'blog':3A 'img':4A 'main':2A 'main-blog-img':1A",
      "body": ""
    }
  },
  {
    "model": "wagtailsearch.indexentry",
    "pk": 105,
    "fields": {
      "content_type": 54,
      "object_id": "12",
      "title_norm": 0.6594202898550724,
      "autocomplete": "'news':3 'single':2 'single-news':1",
      "title": "'news':3B 'singl':2B 'single-new':1B",
      "body": ""
    }
  },
  {
    "model": "wagtailsearch.indexentry",
    "pk": 108,
    "fields": {
      "content_type": 71,
      "object_id": "13",
      "title_norm": 0.6666666666666666,
      "autocomplete": "'business':2 'business-permits':1 'permits':3",
      "title": "'busi':2B 'business-permit':1B 'permit':3B",
      "body": ""
    }
  },
  {
    "model": "wagtailsearch.indexentry",
    "pk": 113,
    "fields": {
      "content_type": 69,
      "object_id": "14",
      "title_norm": 0.5104166666666666,
      "autocomplete": "'business':3 'permit':4 'single':2 'single-business-permit':1",
      "title": "'busi':3B 'permit':4B 'singl':2B 'single-business-permit':1B",
      "body": ""
    }
  },
  {
    "model": "wagtailsearch.indexentry",
    "pk": 116,
    "fields": {
      "content_type": 68,
      "object_id": "15",
      "title_norm": 2.1311475409836067,
      "autocomplete": "'events':1",
      "title": "'event':1B",
      "body": ""
    }
  },
  {
    "model": "wagtailsearch.indexentry",
    "pk": 119,
    "fields": {
      "content_type": 66,
      "object_id": "16",
      "title_norm": 0.68,
      "autocomplete": "'event':3 'single':2 'single-event':1",
      "title": "'event':3B 'singl':2B 'single-ev':1B",
      "body": ""
    }
  },
  {
    "model": "wagtailsearch.indexentry",
    "pk": 122,
    "fields": {
      "content_type": 88,
      "object_id": "17",
      "title_norm": 0.6862745098039215,
      "autocomplete": "'agendas':3 'meeting':2 'meeting-agendas':1",
      "title": "'agenda':3B 'meet':2B 'meeting-agenda':1B",
      "body": ""
    }
  },
  {
    "model": "wagtailsearch.indexentry",
    "pk": 125,
    "fields": {
      "content_type": 87,
      "object_id": "18",
      "title_norm": 0.7055555555555556,
      "autocomplete": "'meeting':2 'meeting-one':1 'one':3",
      "title": "'meet':2B 'meeting-on':1B 'one':3B",
      "body": ""
    }
  },
  {
    "model": "wagtailsearch.indexentry",
    "pk": 128,
    "fields": {
      "content_type": 2,
      "object_id": "36",
      "title_norm": 2.056603773584906,
      "autocomplete": "'map':1",
      "title": "'map':1A",
      "body": ""
    }
  },
  {
    "model": "wagtailsearch.indexentry",
    "pk": 130,
    "fields": {
      "content_type": 80,
      "object_id": "19",
      "title_norm": 1.0573770491803278,
      "autocomplete": "'interest':3 'of':2 'points':1",
      "title": "'interest':3B 'point':1B",
      "body": ""
    }
  },
  {
    "model": "wagtailsearch.indexentry",
    "pk": 133,
    "fields": {
      "content_type": 2,
      "object_id": "37",
      "title_norm": 2.0545454545454547,
      "autocomplete": "'interest':1",
      "title": "'interest':1A",
      "body": ""
    }
  },
  {
    "model": "wagtailsearch.indexentry",
    "pk": 135,
    "fields": {
      "content_type": 2,
      "object_id": "38",
      "title_norm": 0.6904761904761906,
      "autocomplete": "'big':2 'big-img':1 'img':3",
      "title": "'big':2A 'big-img':1A 'img':3A",
      "body": ""
    }
  },
  {
    "model": "wagtailsearch.indexentry",
    "pk": 139,
    "fields": {
      "content_type": 2,
      "object_id": "40",
      "title_norm": 0.695906432748538,
      "autocomplete": "'imgs':3 'small':2 'small-imgs':1",
      "title": "'img':3A 'small':2A 'small-img':1A",
      "body": ""
    }
  },
  {
    "model": "wagtailsearch.indexentry",
    "pk": 141,
    "fields": {
      "content_type": 83,
      "object_id": "20",
      "title_norm": 0.5301724137931034,
      "autocomplete": "'interest':5 'of':4 'points':3 'single':2 'single-points-of-interest':1",
      "title": "'interest':5B 'point':3B 'singl':2B 'single-points-of-interest':1B",
      "body": ""
    }
  },
  {
    "model": "wagtailsearch.indexentry",
    "pk": 144,
    "fields": {
      "content_type": 72,
      "object_id": "21",
      "title_norm": 2.1016949152542375,
      "autocomplete": "'history':1",
      "title": "'histori':1B",
      "body": ""
    }
  },
  {
    "model": "wagtailsearch.indexentry",
    "pk": 149,
    "fields": {
      "content_type": 73,
      "object_id": "22",
      "title_norm": 0.7055555555555556,
      "autocomplete": "'history':3 'singel':2 'singel-history':1",
      "title": "'histori':3B 'singel':2B 'singel-histori':1B",
      "body": ""
    }
  },
  {
    "model": "wagtailsearch.indexentry",
    "pk": 156,
    "fields": {
      "content_type": 87,
      "object_id": "23",
      "title_norm": 0.7103825136612022,
      "autocomplete": "'meeting':2 'meeting-two':1 'two':3",
      "title": "'meet':2B 'meeting-two':1B 'two':3B",
      "body": ""
    }
  },
  {
    "model": "wagtailcore.locale",
    "pk": 1,
    "fields": { "language_code": "en" }
  },
  {
    "model": "wagtailcore.site",
    "pk": 1,
    "fields": {
      "hostname": "harmony.shubpy.com",
      "port": 80,
      "site_name": "Harmony Site",
      "root_page": 3,
      "is_default_site": true
    }
  },
  {
    "model": "wagtailcore.modellogentry",
    "pk": 1,
    "fields": {
      "content_type": 5,
      "label": "Harmony Site [default]",
      "action": "wagtail.edit",
      "data": {},
      "timestamp": "2024-11-20T09:04:45.735Z",
      "uuid": "3a46d5a8-376b-48bf-a425-6ea500f641b3",
      "user": 1,
      "revision": null,
      "content_changed": true,
      "deleted": false,
      "object_id": "1"
    }
  },
  {
    "model": "wagtailcore.modellogentry",
    "pk": 2,
    "fields": {
      "content_type": 48,
      "label": "Navigation for Harmony Site [default]",
      "action": "wagtail.edit",
      "data": {},
      "timestamp": "2024-11-20T09:17:00.081Z",
      "uuid": "fb3382b3-16f9-48cf-a108-a77e2ce75611",
      "user": 1,
      "revision": null,
      "content_changed": true,
      "deleted": false,
      "object_id": "1"
    }
  },
  {
    "model": "wagtailcore.modellogentry",
    "pk": 3,
    "fields": {
      "content_type": 48,
      "label": "Navigation for Harmony Site [default]",
      "action": "wagtail.edit",
      "data": {},
      "timestamp": "2024-11-20T09:20:57.332Z",
      "uuid": "cad1b4af-802c-4f55-bdb6-6e4ef81bf5a5",
      "user": 1,
      "revision": null,
      "content_changed": true,
      "deleted": false,
      "object_id": "1"
    }
  },
  {
    "model": "wagtailcore.modellogentry",
    "pk": 4,
    "fields": {
      "content_type": 48,
      "label": "Navigation for Harmony Site [default]",
      "action": "wagtail.edit",
      "data": {},
      "timestamp": "2024-11-20T09:21:54.712Z",
      "uuid": "f374f699-e8c3-455c-9c1f-2e1057f6c004",
      "user": 1,
      "revision": null,
      "content_changed": false,
      "deleted": false,
      "object_id": "1"
    }
  },
  {
    "model": "wagtailcore.modellogentry",
    "pk": 5,
    "fields": {
      "content_type": 2,
      "label": "big-img",
      "action": "wagtail.delete",
      "data": {},
      "timestamp": "2024-11-20T11:20:13.190Z",
      "uuid": "629a915c-394b-423f-aa42-41b46f43d0c1",
      "user": 1,
      "revision": null,
      "content_changed": false,
      "deleted": false,
      "object_id": "39"
    }
  },
  {
    "model": "wagtailcore.modellogentry",
    "pk": 6,
    "fields": {
      "content_type": 2,
      "label": "history",
      "action": "wagtail.delete",
      "data": {},
      "timestamp": "2024-11-20T11:25:12.982Z",
      "uuid": "e220d193-3ad5-4445-8a9e-c6ca2b7733e6",
      "user": 1,
      "revision": null,
      "content_changed": false,
      "deleted": false,
      "object_id": "41"
    }
  },
  {
    "model": "wagtailcore.modellogentry",
    "pk": 7,
    "fields": {
      "content_type": 48,
      "label": "Navigation for Harmony Site [default]",
      "action": "wagtail.edit",
      "data": {},
      "timestamp": "2024-11-20T11:36:23.099Z",
      "uuid": "ce86136b-a16a-4967-99a6-ab08ac41e210",
      "user": 1,
      "revision": null,
      "content_changed": true,
      "deleted": false,
      "object_id": "1"
    }
  },
  {
    "model": "wagtailcore.modellogentry",
    "pk": 8,
    "fields": {
      "content_type": 48,
      "label": "Navigation for Harmony Site [default]",
      "action": "wagtail.edit",
      "data": {},
      "timestamp": "2024-11-20T11:38:30.912Z",
      "uuid": "b19360cc-643c-4bb7-836e-2f74b170bd0e",
      "user": 1,
      "revision": null,
      "content_changed": true,
      "deleted": false,
      "object_id": "1"
    }
  },
  {
    "model": "wagtailcore.modellogentry",
    "pk": 9,
    "fields": {
      "content_type": 48,
      "label": "Navigation for Harmony Site [default]",
      "action": "wagtail.edit",
      "data": {},
      "timestamp": "2024-11-21T07:18:31.462Z",
      "uuid": "1f82938f-512c-4594-aa85-583db581ccf7",
      "user": 1,
      "revision": null,
      "content_changed": true,
      "deleted": false,
      "object_id": "1"
    }
  },
  {
    "model": "wagtailcore.modellogentry",
    "pk": 10,
    "fields": {
      "content_type": 48,
      "label": "Navigation for Harmony Site [default]",
      "action": "wagtail.edit",
      "data": {},
      "timestamp": "2024-11-22T22:17:51.389Z",
      "uuid": "a9ea294e-044f-4f00-b62d-208637cf2850",
      "user": 2,
      "revision": null,
      "content_changed": true,
      "deleted": false,
      "object_id": "1"
    }
  },
  {
    "model": "wagtailcore.modellogentry",
    "pk": 11,
    "fields": {
      "content_type": 48,
      "label": "Navigation for Harmony Site [default]",
      "action": "wagtail.edit",
      "data": {},
      "timestamp": "2024-11-22T22:18:25.442Z",
      "uuid": "8273b1ab-84e8-4a28-8655-4ebe306b5bed",
      "user": 2,
      "revision": null,
      "content_changed": true,
      "deleted": false,
      "object_id": "1"
    }
  },
  {
    "model": "wagtailcore.modellogentry",
    "pk": 12,
    "fields": {
      "content_type": 48,
      "label": "Navigation for Harmony Site [default]",
      "action": "wagtail.edit",
      "data": {},
      "timestamp": "2024-11-22T22:19:24.608Z",
      "uuid": "b359f940-1f6a-4c62-9a7d-1dbeaf5ba70a",
      "user": 2,
      "revision": null,
      "content_changed": true,
      "deleted": false,
      "object_id": "1"
    }
  },
  {
    "model": "wagtailcore.collection",
    "pk": 1,
    "fields": { "path": "0001", "depth": 1, "numchild": 0, "name": "Root" }
  },
  {
    "model": "wagtailcore.groupcollectionpermission",
    "pk": 1,
    "fields": { "group": 1, "collection": 1, "permission": 1 }
  },
  {
    "model": "wagtailcore.groupcollectionpermission",
    "pk": 2,
    "fields": { "group": 2, "collection": 1, "permission": 1 }
  },
  {
    "model": "wagtailcore.groupcollectionpermission",
    "pk": 3,
    "fields": { "group": 1, "collection": 1, "permission": 2 }
  },
  {
    "model": "wagtailcore.groupcollectionpermission",
    "pk": 4,
    "fields": { "group": 2, "collection": 1, "permission": 2 }
  },
  {
    "model": "wagtailcore.groupcollectionpermission",
    "pk": 5,
    "fields": { "group": 1, "collection": 1, "permission": 106 }
  },
  {
    "model": "wagtailcore.groupcollectionpermission",
    "pk": 6,
    "fields": { "group": 2, "collection": 1, "permission": 106 }
  },
  {
    "model": "wagtailcore.groupcollectionpermission",
    "pk": 7,
    "fields": { "group": 1, "collection": 1, "permission": 107 }
  },
  {
    "model": "wagtailcore.groupcollectionpermission",
    "pk": 8,
    "fields": { "group": 2, "collection": 1, "permission": 107 }
  },
  {
    "model": "wagtailcore.groupcollectionpermission",
    "pk": 9,
    "fields": { "group": 1, "collection": 1, "permission": 109 }
  },
  {
    "model": "wagtailcore.groupcollectionpermission",
    "pk": 10,
    "fields": { "group": 2, "collection": 1, "permission": 109 }
  },
  {
    "model": "wagtailcore.referenceindex",
    "pk": 1,
    "fields": {
      "content_type": 2,
      "base_content_type": 2,
      "object_id": "1",
      "to_content_type": 8,
      "to_object_id": "1",
      "model_path": "collection",
      "content_path": "collection",
      "content_path_hash": "b40b1263-e929-57f2-a7f8-9dbce56b887b"
    }
  },
  {
    "model": "wagtailcore.referenceindex",
    "pk": 2,
    "fields": {
      "content_type": 2,
      "base_content_type": 2,
      "object_id": "2",
      "to_content_type": 8,
      "to_object_id": "1",
      "model_path": "collection",
      "content_path": "collection",
      "content_path_hash": "b40b1263-e929-57f2-a7f8-9dbce56b887b"
    }
  },
  {
    "model": "wagtailcore.referenceindex",
    "pk": 3,
    "fields": {
      "content_type": 2,
      "base_content_type": 2,
      "object_id": "3",
      "to_content_type": 8,
      "to_object_id": "1",
      "model_path": "collection",
      "content_path": "collection",
      "content_path_hash": "b40b1263-e929-57f2-a7f8-9dbce56b887b"
    }
  },
  {
    "model": "wagtailcore.referenceindex",
    "pk": 4,
    "fields": {
      "content_type": 2,
      "base_content_type": 2,
      "object_id": "4",
      "to_content_type": 8,
      "to_object_id": "1",
      "model_path": "collection",
      "content_path": "collection",
      "content_path_hash": "b40b1263-e929-57f2-a7f8-9dbce56b887b"
    }
  },
  {
    "model": "wagtailcore.referenceindex",
    "pk": 5,
    "fields": {
      "content_type": 2,
      "base_content_type": 2,
      "object_id": "5",
      "to_content_type": 8,
      "to_object_id": "1",
      "model_path": "collection",
      "content_path": "collection",
      "content_path_hash": "b40b1263-e929-57f2-a7f8-9dbce56b887b"
    }
  },
  {
    "model": "wagtailcore.referenceindex",
    "pk": 6,
    "fields": {
      "content_type": 2,
      "base_content_type": 2,
      "object_id": "6",
      "to_content_type": 8,
      "to_object_id": "1",
      "model_path": "collection",
      "content_path": "collection",
      "content_path_hash": "b40b1263-e929-57f2-a7f8-9dbce56b887b"
    }
  },
  {
    "model": "wagtailcore.referenceindex",
    "pk": 7,
    "fields": {
      "content_type": 2,
      "base_content_type": 2,
      "object_id": "7",
      "to_content_type": 8,
      "to_object_id": "1",
      "model_path": "collection",
      "content_path": "collection",
      "content_path_hash": "b40b1263-e929-57f2-a7f8-9dbce56b887b"
    }
  },
  {
    "model": "wagtailcore.referenceindex",
    "pk": 8,
    "fields": {
      "content_type": 2,
      "base_content_type": 2,
      "object_id": "8",
      "to_content_type": 8,
      "to_object_id": "1",
      "model_path": "collection",
      "content_path": "collection",
      "content_path_hash": "b40b1263-e929-57f2-a7f8-9dbce56b887b"
    }
  },
  {
    "model": "wagtailcore.referenceindex",
    "pk": 9,
    "fields": {
      "content_type": 2,
      "base_content_type": 2,
      "object_id": "9",
      "to_content_type": 8,
      "to_object_id": "1",
      "model_path": "collection",
      "content_path": "collection",
      "content_path_hash": "b40b1263-e929-57f2-a7f8-9dbce56b887b"
    }
  },
  {
    "model": "wagtailcore.referenceindex",
    "pk": 10,
    "fields": {
      "content_type": 2,
      "base_content_type": 2,
      "object_id": "10",
      "to_content_type": 8,
      "to_object_id": "1",
      "model_path": "collection",
      "content_path": "collection",
      "content_path_hash": "b40b1263-e929-57f2-a7f8-9dbce56b887b"
    }
  },
  {
    "model": "wagtailcore.referenceindex",
    "pk": 11,
    "fields": {
      "content_type": 2,
      "base_content_type": 2,
      "object_id": "11",
      "to_content_type": 8,
      "to_object_id": "1",
      "model_path": "collection",
      "content_path": "collection",
      "content_path_hash": "b40b1263-e929-57f2-a7f8-9dbce56b887b"
    }
  },
  {
    "model": "wagtailcore.referenceindex",
    "pk": 18,
    "fields": {
      "content_type": 43,
      "base_content_type": 1,
      "object_id": "3",
      "to_content_type": 2,
      "to_object_id": "8",
      "model_path": "home_hero_images.item.image",
      "content_path": "home_hero_images.2.image",
      "content_path_hash": "4e63ae24-f5a7-5bac-9aaa-d442f5b29d1c"
    }
  },
  {
    "model": "wagtailcore.referenceindex",
    "pk": 19,
    "fields": {
      "content_type": 43,
      "base_content_type": 1,
      "object_id": "3",
      "to_content_type": 2,
      "to_object_id": "9",
      "model_path": "home_hero_images.item.image",
      "content_path": "home_hero_images.3.image",
      "content_path_hash": "b25e3920-a7ec-5595-be92-1cf557497840"
    }
  },
  {
    "model": "wagtailcore.referenceindex",
    "pk": 20,
    "fields": {
      "content_type": 43,
      "base_content_type": 1,
      "object_id": "3",
      "to_content_type": 2,
      "to_object_id": "10",
      "model_path": "home_hero_images.item.image",
      "content_path": "home_hero_images.4.image",
      "content_path_hash": "21659697-c82f-5534-8eab-f29a2979948b"
    }
  },
  {
    "model": "wagtailcore.referenceindex",
    "pk": 21,
    "fields": {
      "content_type": 43,
      "base_content_type": 1,
      "object_id": "3",
      "to_content_type": 2,
      "to_object_id": "11",
      "model_path": "home_hero_images.item.image",
      "content_path": "home_hero_images.5.image",
      "content_path_hash": "aca397e3-e7e2-51bd-b222-aa52603c84ec"
    }
  },
  {
    "model": "wagtailcore.referenceindex",
    "pk": 22,
    "fields": {
      "content_type": 2,
      "base_content_type": 2,
      "object_id": "12",
      "to_content_type": 8,
      "to_object_id": "1",
      "model_path": "collection",
      "content_path": "collection",
      "content_path_hash": "b40b1263-e929-57f2-a7f8-9dbce56b887b"
    }
  },
  {
    "model": "wagtailcore.referenceindex",
    "pk": 23,
    "fields": {
      "content_type": 2,
      "base_content_type": 2,
      "object_id": "13",
      "to_content_type": 8,
      "to_object_id": "1",
      "model_path": "collection",
      "content_path": "collection",
      "content_path_hash": "b40b1263-e929-57f2-a7f8-9dbce56b887b"
    }
  },
  {
    "model": "wagtailcore.referenceindex",
    "pk": 24,
    "fields": {
      "content_type": 2,
      "base_content_type": 2,
      "object_id": "14",
      "to_content_type": 8,
      "to_object_id": "1",
      "model_path": "collection",
      "content_path": "collection",
      "content_path_hash": "b40b1263-e929-57f2-a7f8-9dbce56b887b"
    }
  },
  {
    "model": "wagtailcore.referenceindex",
    "pk": 25,
    "fields": {
      "content_type": 2,
      "base_content_type": 2,
      "object_id": "15",
      "to_content_type": 8,
      "to_object_id": "1",
      "model_path": "collection",
      "content_path": "collection",
      "content_path_hash": "b40b1263-e929-57f2-a7f8-9dbce56b887b"
    }
  },
  {
    "model": "wagtailcore.referenceindex",
    "pk": 26,
    "fields": {
      "content_type": 2,
      "base_content_type": 2,
      "object_id": "16",
      "to_content_type": 8,
      "to_object_id": "1",
      "model_path": "collection",
      "content_path": "collection",
      "content_path_hash": "b40b1263-e929-57f2-a7f8-9dbce56b887b"
    }
  },
  {
    "model": "wagtailcore.referenceindex",
    "pk": 27,
    "fields": {
      "content_type": 2,
      "base_content_type": 2,
      "object_id": "17",
      "to_content_type": 8,
      "to_object_id": "1",
      "model_path": "collection",
      "content_path": "collection",
      "content_path_hash": "b40b1263-e929-57f2-a7f8-9dbce56b887b"
    }
  },
  {
    "model": "wagtailcore.referenceindex",
    "pk": 28,
    "fields": {
      "content_type": 2,
      "base_content_type": 2,
      "object_id": "18",
      "to_content_type": 8,
      "to_object_id": "1",
      "model_path": "collection",
      "content_path": "collection",
      "content_path_hash": "b40b1263-e929-57f2-a7f8-9dbce56b887b"
    }
  },
  {
    "model": "wagtailcore.referenceindex",
    "pk": 30,
    "fields": {
      "content_type": 43,
      "base_content_type": 1,
      "object_id": "3",
      "to_content_type": 2,
      "to_object_id": "18",
      "model_path": "history_bg_image",
      "content_path": "history_bg_image",
      "content_path_hash": "48a1b837-4b19-5557-8c44-5165c8846e1b"
    }
  },
  {
    "model": "wagtailcore.referenceindex",
    "pk": 32,
    "fields": {
      "content_type": 43,
      "base_content_type": 1,
      "object_id": "3",
      "to_content_type": 2,
      "to_object_id": "17",
      "model_path": "park_bgimage",
      "content_path": "park_bgimage",
      "content_path_hash": "77edcb12-7615-5640-a917-a3fd9d5cccdb"
    }
  },
  {
    "model": "wagtailcore.referenceindex",
    "pk": 36,
    "fields": {
      "content_type": 43,
      "base_content_type": 1,
      "object_id": "3",
      "to_content_type": 2,
      "to_object_id": "12",
      "model_path": "home_page_links.item.image",
      "content_path": "home_page_links.1.image",
      "content_path_hash": "d47eb6f1-a1c6-5eaa-b287-95559b2b8f42"
    }
  },
  {
    "model": "wagtailcore.referenceindex",
    "pk": 37,
    "fields": {
      "content_type": 43,
      "base_content_type": 1,
      "object_id": "3",
      "to_content_type": 2,
      "to_object_id": "13",
      "model_path": "home_page_links.item.image",
      "content_path": "home_page_links.2.image",
      "content_path_hash": "b598937d-2358-54e0-ae5f-bd6cff425459"
    }
  },
  {
    "model": "wagtailcore.referenceindex",
    "pk": 38,
    "fields": {
      "content_type": 43,
      "base_content_type": 1,
      "object_id": "3",
      "to_content_type": 2,
      "to_object_id": "14",
      "model_path": "home_page_links.item.image",
      "content_path": "home_page_links.3.image",
      "content_path_hash": "8e602c16-51ed-546e-a5dd-28d264c0d166"
    }
  },
  {
    "model": "wagtailcore.referenceindex",
    "pk": 39,
    "fields": {
      "content_type": 43,
      "base_content_type": 1,
      "object_id": "3",
      "to_content_type": 2,
      "to_object_id": "15",
      "model_path": "home_page_links.item.image",
      "content_path": "home_page_links.4.image",
      "content_path_hash": "b102b429-de41-543b-8c72-38e4a8fe3e09"
    }
  },
  {
    "model": "wagtailcore.referenceindex",
    "pk": 40,
    "fields": {
      "content_type": 43,
      "base_content_type": 1,
      "object_id": "3",
      "to_content_type": 2,
      "to_object_id": "16",
      "model_path": "home_page_links.item.image",
      "content_path": "home_page_links.5.image",
      "content_path_hash": "93a527c6-40b4-5eb1-8b70-365eedaea4df"
    }
  },
  {
    "model": "wagtailcore.referenceindex",
    "pk": 41,
    "fields": {
      "content_type": 2,
      "base_content_type": 2,
      "object_id": "19",
      "to_content_type": 8,
      "to_object_id": "1",
      "model_path": "collection",
      "content_path": "collection",
      "content_path_hash": "b40b1263-e929-57f2-a7f8-9dbce56b887b"
    }
  },
  {
    "model": "wagtailcore.referenceindex",
    "pk": 42,
    "fields": {
      "content_type": 2,
      "base_content_type": 2,
      "object_id": "20",
      "to_content_type": 8,
      "to_object_id": "1",
      "model_path": "collection",
      "content_path": "collection",
      "content_path_hash": "b40b1263-e929-57f2-a7f8-9dbce56b887b"
    }
  },
  {
    "model": "wagtailcore.referenceindex",
    "pk": 43,
    "fields": {
      "content_type": 2,
      "base_content_type": 2,
      "object_id": "21",
      "to_content_type": 8,
      "to_object_id": "1",
      "model_path": "collection",
      "content_path": "collection",
      "content_path_hash": "b40b1263-e929-57f2-a7f8-9dbce56b887b"
    }
  },
  {
    "model": "wagtailcore.referenceindex",
    "pk": 44,
    "fields": {
      "content_type": 2,
      "base_content_type": 2,
      "object_id": "22",
      "to_content_type": 8,
      "to_object_id": "1",
      "model_path": "collection",
      "content_path": "collection",
      "content_path_hash": "b40b1263-e929-57f2-a7f8-9dbce56b887b"
    }
  },
  {
    "model": "wagtailcore.referenceindex",
    "pk": 49,
    "fields": {
      "content_type": 60,
      "base_content_type": 1,
      "object_id": "4",
      "to_content_type": 2,
      "to_object_id": "19",
      "model_path": "ourteam_page_person.item.image",
      "content_path": "ourteam_page_person.1.image",
      "content_path_hash": "f30f34ee-e3ef-5dcb-9dd9-5dcb00e50dbe"
    }
  },
  {
    "model": "wagtailcore.referenceindex",
    "pk": 50,
    "fields": {
      "content_type": 60,
      "base_content_type": 1,
      "object_id": "4",
      "to_content_type": 2,
      "to_object_id": "20",
      "model_path": "ourteam_page_person.item.image",
      "content_path": "ourteam_page_person.2.image",
      "content_path_hash": "9f9ca7d7-aa66-5398-89c8-f32ecc73a952"
    }
  },
  {
    "model": "wagtailcore.referenceindex",
    "pk": 51,
    "fields": {
      "content_type": 60,
      "base_content_type": 1,
      "object_id": "4",
      "to_content_type": 2,
      "to_object_id": "21",
      "model_path": "ourteam_page_person.item.image",
      "content_path": "ourteam_page_person.3.image",
      "content_path_hash": "071d9d5a-64b7-569f-b5e7-9a6d63b5e487"
    }
  },
  {
    "model": "wagtailcore.referenceindex",
    "pk": 52,
    "fields": {
      "content_type": 60,
      "base_content_type": 1,
      "object_id": "4",
      "to_content_type": 2,
      "to_object_id": "22",
      "model_path": "ourteam_page_person.item.image",
      "content_path": "ourteam_page_person.4.image",
      "content_path_hash": "8edf3a75-34c7-5e49-8a21-35d14436a948"
    }
  },
  {
    "model": "wagtailcore.referenceindex",
    "pk": 53,
    "fields": {
      "content_type": 2,
      "base_content_type": 2,
      "object_id": "23",
      "to_content_type": 8,
      "to_object_id": "1",
      "model_path": "collection",
      "content_path": "collection",
      "content_path_hash": "b40b1263-e929-57f2-a7f8-9dbce56b887b"
    }
  },
  {
    "model": "wagtailcore.referenceindex",
    "pk": 54,
    "fields": {
      "content_type": 2,
      "base_content_type": 2,
      "object_id": "24",
      "to_content_type": 8,
      "to_object_id": "1",
      "model_path": "collection",
      "content_path": "collection",
      "content_path_hash": "b40b1263-e929-57f2-a7f8-9dbce56b887b"
    }
  },
  {
    "model": "wagtailcore.referenceindex",
    "pk": 55,
    "fields": {
      "content_type": 2,
      "base_content_type": 2,
      "object_id": "25",
      "to_content_type": 8,
      "to_object_id": "1",
      "model_path": "collection",
      "content_path": "collection",
      "content_path_hash": "b40b1263-e929-57f2-a7f8-9dbce56b887b"
    }
  },
  {
    "model": "wagtailcore.referenceindex",
    "pk": 56,
    "fields": {
      "content_type": 2,
      "base_content_type": 2,
      "object_id": "26",
      "to_content_type": 8,
      "to_object_id": "1",
      "model_path": "collection",
      "content_path": "collection",
      "content_path_hash": "b40b1263-e929-57f2-a7f8-9dbce56b887b"
    }
  },
  {
    "model": "wagtailcore.referenceindex",
    "pk": 61,
    "fields": {
      "content_type": 62,
      "base_content_type": 1,
      "object_id": "5",
      "to_content_type": 2,
      "to_object_id": "23",
      "model_path": "buginess_page_slide.item.image",
      "content_path": "buginess_page_slide.1.image",
      "content_path_hash": "71fa46c2-517f-576c-9ff2-5774a2444fc3"
    }
  },
  {
    "model": "wagtailcore.referenceindex",
    "pk": 62,
    "fields": {
      "content_type": 62,
      "base_content_type": 1,
      "object_id": "5",
      "to_content_type": 2,
      "to_object_id": "23",
      "model_path": "buginess_page_slide.item.image",
      "content_path": "buginess_page_slide.2.image",
      "content_path_hash": "1affc340-d286-5459-9c62-7952e74f3847"
    }
  },
  {
    "model": "wagtailcore.referenceindex",
    "pk": 63,
    "fields": {
      "content_type": 62,
      "base_content_type": 1,
      "object_id": "5",
      "to_content_type": 2,
      "to_object_id": "23",
      "model_path": "buginess_page_slide.item.image",
      "content_path": "buginess_page_slide.3.image",
      "content_path_hash": "389fa7c3-5937-53dc-aa13-a109866ee430"
    }
  },
  {
    "model": "wagtailcore.referenceindex",
    "pk": 64,
    "fields": {
      "content_type": 62,
      "base_content_type": 1,
      "object_id": "5",
      "to_content_type": 2,
      "to_object_id": "24",
      "model_path": "buginess_page_criteria.item.image",
      "content_path": "buginess_page_criteria.1.image",
      "content_path_hash": "05e15f36-8747-5e08-81c4-e18a7dc8c19e"
    }
  },
  {
    "model": "wagtailcore.referenceindex",
    "pk": 65,
    "fields": {
      "content_type": 62,
      "base_content_type": 1,
      "object_id": "5",
      "to_content_type": 2,
      "to_object_id": "25",
      "model_path": "buginess_page_criteria.item.image",
      "content_path": "buginess_page_criteria.2.image",
      "content_path_hash": "d9dce3fb-c94d-58b8-9605-2ce2397d1bf4"
    }
  },
  {
    "model": "wagtailcore.referenceindex",
    "pk": 66,
    "fields": {
      "content_type": 62,
      "base_content_type": 1,
      "object_id": "5",
      "to_content_type": 2,
      "to_object_id": "26",
      "model_path": "buginess_page_criteria.item.image",
      "content_path": "buginess_page_criteria.3.image",
      "content_path_hash": "0f243c13-44c0-5644-a1c4-6ec99200dab1"
    }
  },
  {
    "model": "wagtailcore.referenceindex",
    "pk": 67,
    "fields": {
      "content_type": 2,
      "base_content_type": 2,
      "object_id": "27",
      "to_content_type": 8,
      "to_object_id": "1",
      "model_path": "collection",
      "content_path": "collection",
      "content_path_hash": "b40b1263-e929-57f2-a7f8-9dbce56b887b"
    }
  },
  {
    "model": "wagtailcore.referenceindex",
    "pk": 68,
    "fields": {
      "content_type": 2,
      "base_content_type": 2,
      "object_id": "28",
      "to_content_type": 8,
      "to_object_id": "1",
      "model_path": "collection",
      "content_path": "collection",
      "content_path_hash": "b40b1263-e929-57f2-a7f8-9dbce56b887b"
    }
  },
  {
    "model": "wagtailcore.referenceindex",
    "pk": 69,
    "fields": {
      "content_type": 2,
      "base_content_type": 2,
      "object_id": "29",
      "to_content_type": 8,
      "to_object_id": "1",
      "model_path": "collection",
      "content_path": "collection",
      "content_path_hash": "b40b1263-e929-57f2-a7f8-9dbce56b887b"
    }
  },
  {
    "model": "wagtailcore.referenceindex",
    "pk": 73,
    "fields": {
      "content_type": 85,
      "base_content_type": 1,
      "object_id": "7",
      "to_content_type": 2,
      "to_object_id": "27",
      "model_path": "emergency_contents.item.icon_image",
      "content_path": "emergency_contents.1.icon_image",
      "content_path_hash": "ec58e1ad-26f8-5a06-af61-fb2dad9152d0"
    }
  },
  {
    "model": "wagtailcore.referenceindex",
    "pk": 74,
    "fields": {
      "content_type": 85,
      "base_content_type": 1,
      "object_id": "7",
      "to_content_type": 2,
      "to_object_id": "28",
      "model_path": "emergency_contents.item.image",
      "content_path": "emergency_contents.1.image",
      "content_path_hash": "9e56f2a1-5bcf-5fa5-a8bf-899b0e29ca53"
    }
  },
  {
    "model": "wagtailcore.referenceindex",
    "pk": 75,
    "fields": {
      "content_type": 85,
      "base_content_type": 1,
      "object_id": "7",
      "to_content_type": 2,
      "to_object_id": "29",
      "model_path": "emergency_contents.item.icon_image",
      "content_path": "emergency_contents.2.icon_image",
      "content_path_hash": "013ab202-bd2b-5b92-96c9-d3c2f4f4fcb8"
    }
  },
  {
    "model": "wagtailcore.referenceindex",
    "pk": 76,
    "fields": {
      "content_type": 85,
      "base_content_type": 1,
      "object_id": "7",
      "to_content_type": 2,
      "to_object_id": "28",
      "model_path": "emergency_contents.item.image",
      "content_path": "emergency_contents.2.image",
      "content_path_hash": "158f919e-8469-5db6-b9b5-74081ee8445e"
    }
  },
  {
    "model": "wagtailcore.referenceindex",
    "pk": 77,
    "fields": {
      "content_type": 2,
      "base_content_type": 2,
      "object_id": "30",
      "to_content_type": 8,
      "to_object_id": "1",
      "model_path": "collection",
      "content_path": "collection",
      "content_path_hash": "b40b1263-e929-57f2-a7f8-9dbce56b887b"
    }
  },
  {
    "model": "wagtailcore.referenceindex",
    "pk": 79,
    "fields": {
      "content_type": 49,
      "base_content_type": 1,
      "object_id": "8",
      "to_content_type": 2,
      "to_object_id": "30",
      "model_path": "land_spot_feature.item.image",
      "content_path": "land_spot_feature.1.image",
      "content_path_hash": "9341f1f5-4b2d-5a6f-8b63-60a60117cbdd"
    }
  },
  {
    "model": "wagtailcore.referenceindex",
    "pk": 80,
    "fields": {
      "content_type": 49,
      "base_content_type": 1,
      "object_id": "8",
      "to_content_type": 2,
      "to_object_id": "30",
      "model_path": "land_spot_feature.item.image",
      "content_path": "land_spot_feature.2.image",
      "content_path_hash": "ee5ac87d-77b5-5e90-979f-6ee1cde3c960"
    }
  },
  {
    "model": "wagtailcore.referenceindex",
    "pk": 81,
    "fields": {
      "content_type": 49,
      "base_content_type": 1,
      "object_id": "8",
      "to_content_type": 2,
      "to_object_id": "30",
      "model_path": "land_spot_feature.item.image",
      "content_path": "land_spot_feature.3.image",
      "content_path_hash": "1248b8ff-ef5f-5c38-bdfb-03b10a8c1fca"
    }
  },
  {
    "model": "wagtailcore.referenceindex",
    "pk": 82,
    "fields": {
      "content_type": 49,
      "base_content_type": 1,
      "object_id": "8",
      "to_content_type": 2,
      "to_object_id": "30",
      "model_path": "land_spot_feature.item.image",
      "content_path": "land_spot_feature.4.image",
      "content_path_hash": "96d7436e-77c4-5f1e-a788-042147eae133"
    }
  },
  {
    "model": "wagtailcore.referenceindex",
    "pk": 83,
    "fields": {
      "content_type": 49,
      "base_content_type": 1,
      "object_id": "8",
      "to_content_type": 2,
      "to_object_id": "30",
      "model_path": "land_spot_feature.item.image",
      "content_path": "land_spot_feature.5.image",
      "content_path_hash": "7bbc81d1-9116-511d-a565-9e032d86bddd"
    }
  },
  {
    "model": "wagtailcore.referenceindex",
    "pk": 87,
    "fields": {
      "content_type": 77,
      "base_content_type": 1,
      "object_id": "10",
      "to_content_type": 2,
      "to_object_id": "19",
      "model_path": "election_page_person.item.image",
      "content_path": "election_page_person.1.image",
      "content_path_hash": "998008db-6269-5acd-860b-a6dbe557fd70"
    }
  },
  {
    "model": "wagtailcore.referenceindex",
    "pk": 88,
    "fields": {
      "content_type": 77,
      "base_content_type": 1,
      "object_id": "10",
      "to_content_type": 2,
      "to_object_id": "22",
      "model_path": "election_page_person.item.image",
      "content_path": "election_page_person.2.image",
      "content_path_hash": "c2e3a3f1-b599-559d-a5d0-13e62261b4c6"
    }
  },
  {
    "model": "wagtailcore.referenceindex",
    "pk": 89,
    "fields": {
      "content_type": 77,
      "base_content_type": 1,
      "object_id": "10",
      "to_content_type": 2,
      "to_object_id": "21",
      "model_path": "election_page_person.item.image",
      "content_path": "election_page_person.3.image",
      "content_path_hash": "dfb7884c-e216-5bd9-8997-5bd63a2d098e"
    }
  },
  {
    "model": "wagtailcore.referenceindex",
    "pk": 90,
    "fields": {
      "content_type": 2,
      "base_content_type": 2,
      "object_id": "31",
      "to_content_type": 8,
      "to_object_id": "1",
      "model_path": "collection",
      "content_path": "collection",
      "content_path_hash": "b40b1263-e929-57f2-a7f8-9dbce56b887b"
    }
  },
  {
    "model": "wagtailcore.referenceindex",
    "pk": 91,
    "fields": {
      "content_type": 2,
      "base_content_type": 2,
      "object_id": "32",
      "to_content_type": 8,
      "to_object_id": "1",
      "model_path": "collection",
      "content_path": "collection",
      "content_path_hash": "b40b1263-e929-57f2-a7f8-9dbce56b887b"
    }
  },
  {
    "model": "wagtailcore.referenceindex",
    "pk": 92,
    "fields": {
      "content_type": 55,
      "base_content_type": 1,
      "object_id": "11",
      "to_content_type": 2,
      "to_object_id": "32",
      "model_path": "bottom_image_two",
      "content_path": "bottom_image_two",
      "content_path_hash": "1f2061b9-4e4e-57c8-8f0c-ede636f69ebf"
    }
  },
  {
    "model": "wagtailcore.referenceindex",
    "pk": 93,
    "fields": {
      "content_type": 55,
      "base_content_type": 1,
      "object_id": "11",
      "to_content_type": 2,
      "to_object_id": "31",
      "model_path": "bottom_image_one",
      "content_path": "bottom_image_one",
      "content_path_hash": "812cf351-25be-5d65-a8ad-ed96419aa3a2"
    }
  },
  {
    "model": "wagtailcore.referenceindex",
    "pk": 94,
    "fields": {
      "content_type": 2,
      "base_content_type": 2,
      "object_id": "33",
      "to_content_type": 8,
      "to_object_id": "1",
      "model_path": "collection",
      "content_path": "collection",
      "content_path_hash": "b40b1263-e929-57f2-a7f8-9dbce56b887b"
    }
  },
  {
    "model": "wagtailcore.referenceindex",
    "pk": 95,
    "fields": {
      "content_type": 2,
      "base_content_type": 2,
      "object_id": "34",
      "to_content_type": 8,
      "to_object_id": "1",
      "model_path": "collection",
      "content_path": "collection",
      "content_path_hash": "b40b1263-e929-57f2-a7f8-9dbce56b887b"
    }
  },
  {
    "model": "wagtailcore.referenceindex",
    "pk": 96,
    "fields": {
      "content_type": 2,
      "base_content_type": 2,
      "object_id": "35",
      "to_content_type": 8,
      "to_object_id": "1",
      "model_path": "collection",
      "content_path": "collection",
      "content_path_hash": "b40b1263-e929-57f2-a7f8-9dbce56b887b"
    }
  },
  {
    "model": "wagtailcore.referenceindex",
    "pk": 97,
    "fields": {
      "content_type": 54,
      "base_content_type": 1,
      "object_id": "12",
      "to_content_type": 2,
      "to_object_id": "35",
      "model_path": "main_headline_image",
      "content_path": "main_headline_image",
      "content_path_hash": "67fee837-8a74-55e9-9070-b02a12517771"
    }
  },
  {
    "model": "wagtailcore.referenceindex",
    "pk": 98,
    "fields": {
      "content_type": 54,
      "base_content_type": 1,
      "object_id": "12",
      "to_content_type": 2,
      "to_object_id": "31",
      "model_path": "bottom_image_two",
      "content_path": "bottom_image_two",
      "content_path_hash": "1f2061b9-4e4e-57c8-8f0c-ede636f69ebf"
    }
  },
  {
    "model": "wagtailcore.referenceindex",
    "pk": 100,
    "fields": {
      "content_type": 54,
      "base_content_type": 1,
      "object_id": "12",
      "to_content_type": 2,
      "to_object_id": "33",
      "model_path": "news_bg_image",
      "content_path": "news_bg_image",
      "content_path_hash": "01cbae7c-cca1-5e68-afa5-748f6ee1ba4d"
    }
  },
  {
    "model": "wagtailcore.referenceindex",
    "pk": 101,
    "fields": {
      "content_type": 54,
      "base_content_type": 1,
      "object_id": "12",
      "to_content_type": 2,
      "to_object_id": "32",
      "model_path": "bottom_image_one",
      "content_path": "bottom_image_one",
      "content_path_hash": "812cf351-25be-5d65-a8ad-ed96419aa3a2"
    }
  },
  {
    "model": "wagtailcore.referenceindex",
    "pk": 102,
    "fields": {
      "content_type": 54,
      "base_content_type": 1,
      "object_id": "12",
      "to_content_type": 2,
      "to_object_id": "34",
      "model_path": "news_page_images.item.image",
      "content_path": "news_page_images.1.image",
      "content_path_hash": "4c5a4f6e-e5a1-5d34-b39f-74cf5941b33d"
    }
  },
  {
    "model": "wagtailcore.referenceindex",
    "pk": 103,
    "fields": {
      "content_type": 54,
      "base_content_type": 1,
      "object_id": "12",
      "to_content_type": 2,
      "to_object_id": "34",
      "model_path": "news_page_images.item.image",
      "content_path": "news_page_images.2.image",
      "content_path_hash": "513a7991-a224-5d7b-9278-afe69a9f8252"
    }
  },
  {
    "model": "wagtailcore.referenceindex",
    "pk": 104,
    "fields": {
      "content_type": 54,
      "base_content_type": 1,
      "object_id": "12",
      "to_content_type": 2,
      "to_object_id": "34",
      "model_path": "news_page_images.item.image",
      "content_path": "news_page_images.3.image",
      "content_path_hash": "740ede1a-4e03-58ab-82e4-7ad7899510c9"
    }
  },
  {
    "model": "wagtailcore.referenceindex",
    "pk": 105,
    "fields": {
      "content_type": 54,
      "base_content_type": 1,
      "object_id": "12",
      "to_content_type": 2,
      "to_object_id": "34",
      "model_path": "news_page_images.item.image",
      "content_path": "news_page_images.4.image",
      "content_path_hash": "ee826ba3-c5ba-5256-a180-cd097c492391"
    }
  },
  {
    "model": "wagtailcore.referenceindex",
    "pk": 106,
    "fields": {
      "content_type": 68,
      "base_content_type": 1,
      "object_id": "15",
      "to_content_type": 2,
      "to_object_id": "32",
      "model_path": "bottom_image_one",
      "content_path": "bottom_image_one",
      "content_path_hash": "812cf351-25be-5d65-a8ad-ed96419aa3a2"
    }
  },
  {
    "model": "wagtailcore.referenceindex",
    "pk": 107,
    "fields": {
      "content_type": 68,
      "base_content_type": 1,
      "object_id": "15",
      "to_content_type": 2,
      "to_object_id": "31",
      "model_path": "bottom_image_two",
      "content_path": "bottom_image_two",
      "content_path_hash": "1f2061b9-4e4e-57c8-8f0c-ede636f69ebf"
    }
  },
  {
    "model": "wagtailcore.referenceindex",
    "pk": 108,
    "fields": {
      "content_type": 68,
      "base_content_type": 1,
      "object_id": "15",
      "to_content_type": 1,
      "to_object_id": "6",
      "model_path": "bottom_link_page",
      "content_path": "bottom_link_page",
      "content_path_hash": "5d644475-098b-5e4e-929c-f1b312c744f5"
    }
  },
  {
    "model": "wagtailcore.referenceindex",
    "pk": 109,
    "fields": {
      "content_type": 66,
      "base_content_type": 1,
      "object_id": "16",
      "to_content_type": 2,
      "to_object_id": "33",
      "model_path": "event_bg_image",
      "content_path": "event_bg_image",
      "content_path_hash": "d32579fb-9ad8-5f64-a644-563b0ed7cfeb"
    }
  },
  {
    "model": "wagtailcore.referenceindex",
    "pk": 110,
    "fields": {
      "content_type": 66,
      "base_content_type": 1,
      "object_id": "16",
      "to_content_type": 2,
      "to_object_id": "31",
      "model_path": "bottom_image_two",
      "content_path": "bottom_image_two",
      "content_path_hash": "1f2061b9-4e4e-57c8-8f0c-ede636f69ebf"
    }
  },
  {
    "model": "wagtailcore.referenceindex",
    "pk": 112,
    "fields": {
      "content_type": 66,
      "base_content_type": 1,
      "object_id": "16",
      "to_content_type": 2,
      "to_object_id": "32",
      "model_path": "bottom_image_one",
      "content_path": "bottom_image_one",
      "content_path_hash": "812cf351-25be-5d65-a8ad-ed96419aa3a2"
    }
  },
  {
    "model": "wagtailcore.referenceindex",
    "pk": 113,
    "fields": {
      "content_type": 66,
      "base_content_type": 1,
      "object_id": "16",
      "to_content_type": 1,
      "to_object_id": "6",
      "model_path": "bottom_link_page",
      "content_path": "bottom_link_page",
      "content_path_hash": "5d644475-098b-5e4e-929c-f1b312c744f5"
    }
  },
  {
    "model": "wagtailcore.referenceindex",
    "pk": 114,
    "fields": {
      "content_type": 66,
      "base_content_type": 1,
      "object_id": "16",
      "to_content_type": 2,
      "to_object_id": "34",
      "model_path": "event_page_images.item.image",
      "content_path": "event_page_images.1.image",
      "content_path_hash": "0cbbcf29-6c5e-5f51-aebf-660fcacc3bbd"
    }
  },
  {
    "model": "wagtailcore.referenceindex",
    "pk": 115,
    "fields": {
      "content_type": 66,
      "base_content_type": 1,
      "object_id": "16",
      "to_content_type": 2,
      "to_object_id": "34",
      "model_path": "event_page_images.item.image",
      "content_path": "event_page_images.2.image",
      "content_path_hash": "506e0a70-89d9-5dd3-8876-90108a5333ce"
    }
  },
  {
    "model": "wagtailcore.referenceindex",
    "pk": 116,
    "fields": {
      "content_type": 66,
      "base_content_type": 1,
      "object_id": "16",
      "to_content_type": 2,
      "to_object_id": "34",
      "model_path": "event_page_images.item.image",
      "content_path": "event_page_images.3.image",
      "content_path_hash": "4f2e4311-80a5-5109-b59e-29c45b36a201"
    }
  },
  {
    "model": "wagtailcore.referenceindex",
    "pk": 117,
    "fields": {
      "content_type": 66,
      "base_content_type": 1,
      "object_id": "16",
      "to_content_type": 2,
      "to_object_id": "34",
      "model_path": "event_page_images.item.image",
      "content_path": "event_page_images.4.image",
      "content_path_hash": "4edd0db8-f2d6-57ef-9466-92dd8a2dd674"
    }
  },
  {
    "model": "wagtailcore.referenceindex",
    "pk": 118,
    "fields": {
      "content_type": 88,
      "base_content_type": 1,
      "object_id": "17",
      "to_content_type": 2,
      "to_object_id": "32",
      "model_path": "bottom_image_one",
      "content_path": "bottom_image_one",
      "content_path_hash": "812cf351-25be-5d65-a8ad-ed96419aa3a2"
    }
  },
  {
    "model": "wagtailcore.referenceindex",
    "pk": 119,
    "fields": {
      "content_type": 88,
      "base_content_type": 1,
      "object_id": "17",
      "to_content_type": 2,
      "to_object_id": "31",
      "model_path": "bottom_image_two",
      "content_path": "bottom_image_two",
      "content_path_hash": "1f2061b9-4e4e-57c8-8f0c-ede636f69ebf"
    }
  },
  {
    "model": "wagtailcore.referenceindex",
    "pk": 120,
    "fields": {
      "content_type": 2,
      "base_content_type": 2,
      "object_id": "36",
      "to_content_type": 8,
      "to_object_id": "1",
      "model_path": "collection",
      "content_path": "collection",
      "content_path_hash": "b40b1263-e929-57f2-a7f8-9dbce56b887b"
    }
  },
  {
    "model": "wagtailcore.referenceindex",
    "pk": 121,
    "fields": {
      "content_type": 80,
      "base_content_type": 1,
      "object_id": "19",
      "to_content_type": 2,
      "to_object_id": "36",
      "model_path": "small_land_image",
      "content_path": "small_land_image",
      "content_path_hash": "ff8ba5ba-1bdb-57c8-b821-6a0fd8e6ec74"
    }
  },
  {
    "model": "wagtailcore.referenceindex",
    "pk": 122,
    "fields": {
      "content_type": 80,
      "base_content_type": 1,
      "object_id": "19",
      "to_content_type": 2,
      "to_object_id": "32",
      "model_path": "bottom_image_one",
      "content_path": "bottom_image_one",
      "content_path_hash": "812cf351-25be-5d65-a8ad-ed96419aa3a2"
    }
  },
  {
    "model": "wagtailcore.referenceindex",
    "pk": 123,
    "fields": {
      "content_type": 80,
      "base_content_type": 1,
      "object_id": "19",
      "to_content_type": 2,
      "to_object_id": "31",
      "model_path": "bottom_image_two",
      "content_path": "bottom_image_two",
      "content_path_hash": "1f2061b9-4e4e-57c8-8f0c-ede636f69ebf"
    }
  },
  {
    "model": "wagtailcore.referenceindex",
    "pk": 124,
    "fields": {
      "content_type": 2,
      "base_content_type": 2,
      "object_id": "37",
      "to_content_type": 8,
      "to_object_id": "1",
      "model_path": "collection",
      "content_path": "collection",
      "content_path_hash": "b40b1263-e929-57f2-a7f8-9dbce56b887b"
    }
  },
  {
    "model": "wagtailcore.referenceindex",
    "pk": 125,
    "fields": {
      "content_type": 2,
      "base_content_type": 2,
      "object_id": "38",
      "to_content_type": 8,
      "to_object_id": "1",
      "model_path": "collection",
      "content_path": "collection",
      "content_path_hash": "b40b1263-e929-57f2-a7f8-9dbce56b887b"
    }
  },
  {
    "model": "wagtailcore.referenceindex",
    "pk": 127,
    "fields": {
      "content_type": 2,
      "base_content_type": 2,
      "object_id": "40",
      "to_content_type": 8,
      "to_object_id": "1",
      "model_path": "collection",
      "content_path": "collection",
      "content_path_hash": "b40b1263-e929-57f2-a7f8-9dbce56b887b"
    }
  },
  {
    "model": "wagtailcore.referenceindex",
    "pk": 128,
    "fields": {
      "content_type": 83,
      "base_content_type": 1,
      "object_id": "20",
      "to_content_type": 2,
      "to_object_id": "31",
      "model_path": "bottom_image_two",
      "content_path": "bottom_image_two",
      "content_path_hash": "1f2061b9-4e4e-57c8-8f0c-ede636f69ebf"
    }
  },
  {
    "model": "wagtailcore.referenceindex",
    "pk": 129,
    "fields": {
      "content_type": 83,
      "base_content_type": 1,
      "object_id": "20",
      "to_content_type": 2,
      "to_object_id": "37",
      "model_path": "single_point_description_image",
      "content_path": "single_point_description_image",
      "content_path_hash": "5355c1f8-cab5-505b-b8ee-c24d98aea342"
    }
  },
  {
    "model": "wagtailcore.referenceindex",
    "pk": 130,
    "fields": {
      "content_type": 83,
      "base_content_type": 1,
      "object_id": "20",
      "to_content_type": 2,
      "to_object_id": "38",
      "model_path": "single_land_image",
      "content_path": "single_land_image",
      "content_path_hash": "02ddae97-173f-5839-8e3d-ad0e7e163cf3"
    }
  },
  {
    "model": "wagtailcore.referenceindex",
    "pk": 131,
    "fields": {
      "content_type": 83,
      "base_content_type": 1,
      "object_id": "20",
      "to_content_type": 2,
      "to_object_id": "32",
      "model_path": "bottom_image_one",
      "content_path": "bottom_image_one",
      "content_path_hash": "812cf351-25be-5d65-a8ad-ed96419aa3a2"
    }
  },
  {
    "model": "wagtailcore.referenceindex",
    "pk": 133,
    "fields": {
      "content_type": 83,
      "base_content_type": 1,
      "object_id": "20",
      "to_content_type": 2,
      "to_object_id": "40",
      "model_path": "single_page_point_images.item.image",
      "content_path": "single_page_point_images.1.image",
      "content_path_hash": "b4cda624-e23d-531c-95a6-340eb5dfc585"
    }
  },
  {
    "model": "wagtailcore.referenceindex",
    "pk": 134,
    "fields": {
      "content_type": 83,
      "base_content_type": 1,
      "object_id": "20",
      "to_content_type": 2,
      "to_object_id": "40",
      "model_path": "single_page_point_images.item.image",
      "content_path": "single_page_point_images.2.image",
      "content_path_hash": "1b580788-37b9-5e29-b74a-225b168aef5f"
    }
  },
  {
    "model": "wagtailcore.referenceindex",
    "pk": 135,
    "fields": {
      "content_type": 83,
      "base_content_type": 1,
      "object_id": "20",
      "to_content_type": 2,
      "to_object_id": "40",
      "model_path": "single_page_point_images.item.image",
      "content_path": "single_page_point_images.3.image",
      "content_path_hash": "f091e2f3-30d2-5ad2-9a7e-bb9fe7d0ad3d"
    }
  },
  {
    "model": "wagtailcore.referenceindex",
    "pk": 136,
    "fields": {
      "content_type": 83,
      "base_content_type": 1,
      "object_id": "20",
      "to_content_type": 2,
      "to_object_id": "40",
      "model_path": "single_page_point_images.item.image",
      "content_path": "single_page_point_images.4.image",
      "content_path_hash": "a6a71d71-ac61-5562-8a37-14ea89560b2b"
    }
  },
  {
    "model": "wagtailcore.referenceindex",
    "pk": 137,
    "fields": {
      "content_type": 72,
      "base_content_type": 1,
      "object_id": "21",
      "to_content_type": 2,
      "to_object_id": "32",
      "model_path": "bottom_image_one",
      "content_path": "bottom_image_one",
      "content_path_hash": "812cf351-25be-5d65-a8ad-ed96419aa3a2"
    }
  },
  {
    "model": "wagtailcore.referenceindex",
    "pk": 138,
    "fields": {
      "content_type": 72,
      "base_content_type": 1,
      "object_id": "21",
      "to_content_type": 2,
      "to_object_id": "31",
      "model_path": "bottom_image_two",
      "content_path": "bottom_image_two",
      "content_path_hash": "1f2061b9-4e4e-57c8-8f0c-ede636f69ebf"
    }
  },
  {
    "model": "wagtailcore.referenceindex",
    "pk": 140,
    "fields": {
      "content_type": 73,
      "base_content_type": 1,
      "object_id": "22",
      "to_content_type": 2,
      "to_object_id": "6",
      "model_path": "image",
      "content_path": "image",
      "content_path_hash": "3cb1a537-a728-548b-b207-8423b6010580"
    }
  },
  {
    "model": "wagtailcore.referenceindex",
    "pk": 141,
    "fields": {
      "content_type": 43,
      "base_content_type": 1,
      "object_id": "3",
      "to_content_type": 2,
      "to_object_id": "40",
      "model_path": "home_hero_images.item.image",
      "content_path": "home_hero_images.1.image",
      "content_path_hash": "85cb82fb-aa3c-50e1-87b2-f7d5576c5735"
    }
  },
  {
    "model": "wagtailcore.page",
    "pk": 1,
    "fields": {
      "path": "0001",
      "depth": 1,
      "numchild": 1,
      "translation_key": "fe536a35-c924-49e6-adf1-3f3606549244",
      "locale": 1,
      "latest_revision": null,
      "live": true,
      "has_unpublished_changes": false,
      "first_published_at": null,
      "last_published_at": null,
      "live_revision": null,
      "go_live_at": null,
      "expire_at": null,
      "expired": false,
      "locked": false,
      "locked_at": null,
      "locked_by": null,
      "title": "Root",
      "draft_title": "Root",
      "slug": "root",
      "content_type": 1,
      "url_path": "/",
      "owner": null,
      "seo_title": "",
      "show_in_menus": false,
      "search_description": "",
      "latest_revision_created_at": null,
      "alias_of": null
    }
  },
  {
    "model": "wagtailcore.page",
    "pk": 3,
    "fields": {
      "path": "00010002",
      "depth": 2,
      "numchild": 12,
      "translation_key": "d2b7a8aa-944a-4b8d-8a3a-ec21db5676a1",
      "locale": 1,
      "latest_revision": 25,
      "live": true,
      "has_unpublished_changes": false,
      "first_published_at": "2024-11-20T09:02:00Z",
      "last_published_at": "2024-11-22T22:01:49.014Z",
      "live_revision": 25,
      "go_live_at": null,
      "expire_at": null,
      "expired": false,
      "locked": false,
      "locked_at": null,
      "locked_by": null,
      "title": "home",
      "draft_title": "home",
      "slug": "home",
      "content_type": 43,
      "url_path": "/home/",
      "owner": 1,
      "seo_title": "",
      "show_in_menus": false,
      "search_description": "",
      "latest_revision_created_at": "2024-11-22T22:01:47.041Z",
      "alias_of": null
    }
  },
  {
    "model": "wagtailcore.page",
    "pk": 4,
    "fields": {
      "path": "000100020001",
      "depth": 3,
      "numchild": 0,
      "translation_key": "19b60cfe-d692-4347-a56c-9d3ebe696172",
      "locale": 1,
      "latest_revision": 5,
      "live": true,
      "has_unpublished_changes": false,
      "first_published_at": "2024-11-20T10:00:15.236Z",
      "last_published_at": "2024-11-20T10:00:15.236Z",
      "live_revision": 5,
      "go_live_at": null,
      "expire_at": null,
      "expired": false,
      "locked": false,
      "locked_at": null,
      "locked_by": null,
      "title": "our-team",
      "draft_title": "our-team",
      "slug": "our-team",
      "content_type": 60,
      "url_path": "/home/our-team/",
      "owner": 1,
      "seo_title": "",
      "show_in_menus": false,
      "search_description": "",
      "latest_revision_created_at": "2024-11-20T10:00:15.122Z",
      "alias_of": null
    }
  },
  {
    "model": "wagtailcore.page",
    "pk": 5,
    "fields": {
      "path": "000100020002",
      "depth": 3,
      "numchild": 0,
      "translation_key": "0a33eec5-76ea-453b-bb80-227abedbea4e",
      "locale": 1,
      "latest_revision": 6,
      "live": true,
      "has_unpublished_changes": false,
      "first_published_at": "2024-11-20T10:33:54.237Z",
      "last_published_at": "2024-11-20T10:33:54.237Z",
      "live_revision": 6,
      "go_live_at": null,
      "expire_at": null,
      "expired": false,
      "locked": false,
      "locked_at": null,
      "locked_by": null,
      "title": "business-development",
      "draft_title": "business-development",
      "slug": "business-development",
      "content_type": 62,
      "url_path": "/home/business-development/",
      "owner": 1,
      "seo_title": "",
      "show_in_menus": false,
      "search_description": "",
      "latest_revision_created_at": "2024-11-20T10:33:53.918Z",
      "alias_of": null
    }
  },
  {
    "model": "wagtailcore.page",
    "pk": 6,
    "fields": {
      "path": "000100020003",
      "depth": 3,
      "numchild": 0,
      "translation_key": "53158fe5-7c9e-41c1-baab-cebe6e64498b",
      "locale": 1,
      "latest_revision": 7,
      "live": true,
      "has_unpublished_changes": false,
      "first_published_at": "2024-11-20T10:37:34.099Z",
      "last_published_at": "2024-11-20T10:37:34.099Z",
      "live_revision": 7,
      "go_live_at": null,
      "expire_at": null,
      "expired": false,
      "locked": false,
      "locked_at": null,
      "locked_by": null,
      "title": "contacts",
      "draft_title": "contacts",
      "slug": "contacts",
      "content_type": 57,
      "url_path": "/home/contacts/",
      "owner": 1,
      "seo_title": "",
      "show_in_menus": false,
      "search_description": "",
      "latest_revision_created_at": "2024-11-20T10:37:33.848Z",
      "alias_of": null
    }
  },
  {
    "model": "wagtailcore.page",
    "pk": 7,
    "fields": {
      "path": "000100020004",
      "depth": 3,
      "numchild": 0,
      "translation_key": "cf0971fb-4d9f-416e-9b1b-2d9a09bf7d67",
      "locale": 1,
      "latest_revision": 8,
      "live": true,
      "has_unpublished_changes": false,
      "first_published_at": "2024-11-20T10:41:26.915Z",
      "last_published_at": "2024-11-20T10:41:26.915Z",
      "live_revision": 8,
      "go_live_at": null,
      "expire_at": null,
      "expired": false,
      "locked": false,
      "locked_at": null,
      "locked_by": null,
      "title": "emergency-service",
      "draft_title": "emergency-service",
      "slug": "emergency-service",
      "content_type": 85,
      "url_path": "/home/emergency-service/",
      "owner": 1,
      "seo_title": "",
      "show_in_menus": false,
      "search_description": "",
      "latest_revision_created_at": "2024-11-20T10:41:26.639Z",
      "alias_of": null
    }
  },
  {
    "model": "wagtailcore.page",
    "pk": 8,
    "fields": {
      "path": "000100020005",
      "depth": 3,
      "numchild": 0,
      "translation_key": "2191f71f-ffe9-4825-b6de-fd04b29f01ba",
      "locale": 1,
      "latest_revision": 9,
      "live": true,
      "has_unpublished_changes": false,
      "first_published_at": "2024-11-20T10:44:54.195Z",
      "last_published_at": "2024-11-20T10:44:54.195Z",
      "live_revision": 9,
      "go_live_at": null,
      "expire_at": null,
      "expired": false,
      "locked": false,
      "locked_at": null,
      "locked_by": null,
      "title": "lands",
      "draft_title": "lands",
      "slug": "lands",
      "content_type": 49,
      "url_path": "/home/lands/",
      "owner": 1,
      "seo_title": "",
      "show_in_menus": false,
      "search_description": "",
      "latest_revision_created_at": "2024-11-20T10:44:54.056Z",
      "alias_of": null
    }
  },
  {
    "model": "wagtailcore.page",
    "pk": 9,
    "fields": {
      "path": "000100020006",
      "depth": 3,
      "numchild": 1,
      "translation_key": "eb877fd1-471a-4ad2-a74f-d6759df04d8b",
      "locale": 1,
      "latest_revision": 10,
      "live": true,
      "has_unpublished_changes": false,
      "first_published_at": "2024-11-20T10:47:39.152Z",
      "last_published_at": "2024-11-20T10:47:39.152Z",
      "live_revision": 10,
      "go_live_at": null,
      "expire_at": null,
      "expired": false,
      "locked": false,
      "locked_at": null,
      "locked_by": null,
      "title": "elections",
      "draft_title": "elections",
      "slug": "elections",
      "content_type": 76,
      "url_path": "/home/elections/",
      "owner": 1,
      "seo_title": "",
      "show_in_menus": false,
      "search_description": "",
      "latest_revision_created_at": "2024-11-20T10:47:38.891Z",
      "alias_of": null
    }
  },
  {
    "model": "wagtailcore.page",
    "pk": 10,
    "fields": {
      "path": "0001000200060001",
      "depth": 4,
      "numchild": 0,
      "translation_key": "f7e1d056-a636-412f-abe9-6fb5881eb757",
      "locale": 1,
      "latest_revision": 11,
      "live": true,
      "has_unpublished_changes": false,
      "first_published_at": "2024-11-20T10:51:14.277Z",
      "last_published_at": "2024-11-20T10:51:14.277Z",
      "live_revision": 11,
      "go_live_at": null,
      "expire_at": null,
      "expired": false,
      "locked": false,
      "locked_at": null,
      "locked_by": null,
      "title": "single-election",
      "draft_title": "single-election",
      "slug": "single-election",
      "content_type": 77,
      "url_path": "/home/elections/single-election/",
      "owner": 1,
      "seo_title": "",
      "show_in_menus": false,
      "search_description": "",
      "latest_revision_created_at": "2024-11-20T10:51:14.022Z",
      "alias_of": null
    }
  },
  {
    "model": "wagtailcore.page",
    "pk": 11,
    "fields": {
      "path": "000100020007",
      "depth": 3,
      "numchild": 1,
      "translation_key": "d166fb4b-6b95-4790-996d-eda6506828d3",
      "locale": 1,
      "latest_revision": 12,
      "live": true,
      "has_unpublished_changes": false,
      "first_published_at": "2024-11-20T10:56:27.079Z",
      "last_published_at": "2024-11-20T10:56:27.079Z",
      "live_revision": 12,
      "go_live_at": null,
      "expire_at": null,
      "expired": false,
      "locked": false,
      "locked_at": null,
      "locked_by": null,
      "title": "news",
      "draft_title": "news",
      "slug": "news",
      "content_type": 55,
      "url_path": "/home/news/",
      "owner": 1,
      "seo_title": "",
      "show_in_menus": false,
      "search_description": "",
      "latest_revision_created_at": "2024-11-20T10:56:27.004Z",
      "alias_of": null
    }
  },
  {
    "model": "wagtailcore.page",
    "pk": 12,
    "fields": {
      "path": "0001000200070001",
      "depth": 4,
      "numchild": 0,
      "translation_key": "36d5ea98-bf7a-40c5-9cd7-d3a79fa8764c",
      "locale": 1,
      "latest_revision": 13,
      "live": true,
      "has_unpublished_changes": false,
      "first_published_at": "2024-11-20T11:00:40.017Z",
      "last_published_at": "2024-11-20T11:00:40.017Z",
      "live_revision": 13,
      "go_live_at": null,
      "expire_at": null,
      "expired": false,
      "locked": false,
      "locked_at": null,
      "locked_by": null,
      "title": "single-news",
      "draft_title": "single-news",
      "slug": "single-news",
      "content_type": 54,
      "url_path": "/home/news/single-news/",
      "owner": 1,
      "seo_title": "",
      "show_in_menus": false,
      "search_description": "",
      "latest_revision_created_at": "2024-11-20T11:00:39.733Z",
      "alias_of": null
    }
  },
  {
    "model": "wagtailcore.page",
    "pk": 13,
    "fields": {
      "path": "000100020008",
      "depth": 3,
      "numchild": 1,
      "translation_key": "4a1aa3bf-ab20-4a24-bd0e-eb366f3bfbfd",
      "locale": 1,
      "latest_revision": 15,
      "live": true,
      "has_unpublished_changes": false,
      "first_published_at": "2024-11-20T11:01:00Z",
      "last_published_at": "2024-11-20T11:02:48.323Z",
      "live_revision": 15,
      "go_live_at": null,
      "expire_at": null,
      "expired": false,
      "locked": false,
      "locked_at": null,
      "locked_by": null,
      "title": "business-permits",
      "draft_title": "business-permits",
      "slug": "permits",
      "content_type": 71,
      "url_path": "/home/permits/",
      "owner": 1,
      "seo_title": "",
      "show_in_menus": false,
      "search_description": "",
      "latest_revision_created_at": "2024-11-20T11:02:48.231Z",
      "alias_of": null
    }
  },
  {
    "model": "wagtailcore.page",
    "pk": 14,
    "fields": {
      "path": "0001000200080001",
      "depth": 4,
      "numchild": 0,
      "translation_key": "bb3bf9ee-9303-4ecb-a4c9-a3e8892b524c",
      "locale": 1,
      "latest_revision": 16,
      "live": true,
      "has_unpublished_changes": false,
      "first_published_at": "2024-11-20T11:03:57.168Z",
      "last_published_at": "2024-11-20T11:03:57.168Z",
      "live_revision": 16,
      "go_live_at": null,
      "expire_at": null,
      "expired": false,
      "locked": false,
      "locked_at": null,
      "locked_by": null,
      "title": "single-business-permit",
      "draft_title": "single-business-permit",
      "slug": "single-business-permit",
      "content_type": 69,
      "url_path": "/home/permits/single-business-permit/",
      "owner": 1,
      "seo_title": "",
      "show_in_menus": false,
      "search_description": "",
      "latest_revision_created_at": "2024-11-20T11:03:56.702Z",
      "alias_of": null
    }
  },
  {
    "model": "wagtailcore.page",
    "pk": 15,
    "fields": {
      "path": "000100020009",
      "depth": 3,
      "numchild": 1,
      "translation_key": "55f6bd0a-f8c3-47db-bf1b-bd9cc6e6245c",
      "locale": 1,
      "latest_revision": 28,
      "live": true,
      "has_unpublished_changes": false,
      "first_published_at": "2024-11-20T11:05:00Z",
      "last_published_at": "2024-11-22T22:41:17.810Z",
      "live_revision": 28,
      "go_live_at": null,
      "expire_at": null,
      "expired": false,
      "locked": false,
      "locked_at": null,
      "locked_by": null,
      "title": "events",
      "draft_title": "events",
      "slug": "events",
      "content_type": 68,
      "url_path": "/home/events/",
      "owner": 1,
      "seo_title": "",
      "show_in_menus": false,
      "search_description": "",
      "latest_revision_created_at": "2024-11-22T22:41:17.185Z",
      "alias_of": null
    }
  },
  {
    "model": "wagtailcore.page",
    "pk": 16,
    "fields": {
      "path": "0001000200090001",
      "depth": 4,
      "numchild": 0,
      "translation_key": "2eff74b4-100d-4e93-9d10-1b3cef249abd",
      "locale": 1,
      "latest_revision": 18,
      "live": true,
      "has_unpublished_changes": false,
      "first_published_at": "2024-11-20T11:08:39.824Z",
      "last_published_at": "2024-11-20T11:08:39.824Z",
      "live_revision": 18,
      "go_live_at": null,
      "expire_at": null,
      "expired": false,
      "locked": false,
      "locked_at": null,
      "locked_by": null,
      "title": "single-event",
      "draft_title": "single-event",
      "slug": "single-event",
      "content_type": 66,
      "url_path": "/home/events/single-event/",
      "owner": 1,
      "seo_title": "",
      "show_in_menus": false,
      "search_description": "",
      "latest_revision_created_at": "2024-11-20T11:08:39.765Z",
      "alias_of": null
    }
  },
  {
    "model": "wagtailcore.page",
    "pk": 17,
    "fields": {
      "path": "00010002000A",
      "depth": 3,
      "numchild": 2,
      "translation_key": "42737dc2-cc73-408f-a43f-28057888e708",
      "locale": 1,
      "latest_revision": 19,
      "live": true,
      "has_unpublished_changes": false,
      "first_published_at": "2024-11-20T11:10:45.686Z",
      "last_published_at": "2024-11-20T11:10:45.686Z",
      "live_revision": 19,
      "go_live_at": null,
      "expire_at": null,
      "expired": false,
      "locked": false,
      "locked_at": null,
      "locked_by": null,
      "title": "meeting-agendas",
      "draft_title": "meeting-agendas",
      "slug": "meeting-agendas",
      "content_type": 88,
      "url_path": "/home/meeting-agendas/",
      "owner": 1,
      "seo_title": "",
      "show_in_menus": false,
      "search_description": "",
      "latest_revision_created_at": "2024-11-20T11:10:45.266Z",
      "alias_of": null
    }
  },
  {
    "model": "wagtailcore.page",
    "pk": 18,
    "fields": {
      "path": "00010002000A0001",
      "depth": 4,
      "numchild": 0,
      "translation_key": "3abaf22e-aa93-48f1-8b02-61640da47549",
      "locale": 1,
      "latest_revision": 26,
      "live": true,
      "has_unpublished_changes": false,
      "first_published_at": "2024-11-20T11:12:37.900Z",
      "last_published_at": "2024-11-22T22:10:41.772Z",
      "live_revision": 26,
      "go_live_at": null,
      "expire_at": null,
      "expired": false,
      "locked": false,
      "locked_at": null,
      "locked_by": null,
      "title": "meeting-one",
      "draft_title": "meeting-one",
      "slug": "meeting-one",
      "content_type": 87,
      "url_path": "/home/meeting-agendas/meeting-one/",
      "owner": 1,
      "seo_title": "",
      "show_in_menus": false,
      "search_description": "",
      "latest_revision_created_at": "2024-11-22T22:10:41.236Z",
      "alias_of": null
    }
  },
  {
    "model": "wagtailcore.page",
    "pk": 19,
    "fields": {
      "path": "00010002000B",
      "depth": 3,
      "numchild": 1,
      "translation_key": "d590f98b-4a55-4e11-bd2d-4c27e6cbfb40",
      "locale": 1,
      "latest_revision": 29,
      "live": true,
      "has_unpublished_changes": false,
      "first_published_at": "2024-11-20T11:16:00Z",
      "last_published_at": "2024-11-22T22:47:53.479Z",
      "live_revision": 29,
      "go_live_at": null,
      "expire_at": null,
      "expired": false,
      "locked": false,
      "locked_at": null,
      "locked_by": null,
      "title": "Points of Interest",
      "draft_title": "Points of Interest",
      "slug": "points-of-interests",
      "content_type": 80,
      "url_path": "/home/points-of-interests/",
      "owner": 1,
      "seo_title": "",
      "show_in_menus": false,
      "search_description": "",
      "latest_revision_created_at": "2024-11-22T22:47:53.341Z",
      "alias_of": null
    }
  },
  {
    "model": "wagtailcore.page",
    "pk": 20,
    "fields": {
      "path": "00010002000B0001",
      "depth": 4,
      "numchild": 0,
      "translation_key": "f18de416-8cc8-4a2d-941a-ff75e420c74a",
      "locale": 1,
      "latest_revision": 22,
      "live": true,
      "has_unpublished_changes": false,
      "first_published_at": "2024-11-20T11:21:18.005Z",
      "last_published_at": "2024-11-20T11:21:18.005Z",
      "live_revision": 22,
      "go_live_at": null,
      "expire_at": null,
      "expired": false,
      "locked": false,
      "locked_at": null,
      "locked_by": null,
      "title": "single-points-of-interest",
      "draft_title": "single-points-of-interest",
      "slug": "single-points-of-interest",
      "content_type": 83,
      "url_path": "/home/points-of-interests/single-points-of-interest/",
      "owner": 1,
      "seo_title": "",
      "show_in_menus": false,
      "search_description": "",
      "latest_revision_created_at": "2024-11-20T11:21:17.902Z",
      "alias_of": null
    }
  },
  {
    "model": "wagtailcore.page",
    "pk": 21,
    "fields": {
      "path": "00010002000C",
      "depth": 3,
      "numchild": 1,
      "translation_key": "746f9d08-826e-4800-8bec-da1d7eaf1fae",
      "locale": 1,
      "latest_revision": 23,
      "live": true,
      "has_unpublished_changes": false,
      "first_published_at": "2024-11-20T11:23:31.726Z",
      "last_published_at": "2024-11-20T11:23:31.726Z",
      "live_revision": 23,
      "go_live_at": null,
      "expire_at": null,
      "expired": false,
      "locked": false,
      "locked_at": null,
      "locked_by": null,
      "title": "history",
      "draft_title": "history",
      "slug": "history",
      "content_type": 72,
      "url_path": "/home/history/",
      "owner": 1,
      "seo_title": "",
      "show_in_menus": false,
      "search_description": "",
      "latest_revision_created_at": "2024-11-20T11:23:29.994Z",
      "alias_of": null
    }
  },
  {
    "model": "wagtailcore.page",
    "pk": 22,
    "fields": {
      "path": "00010002000C0001",
      "depth": 4,
      "numchild": 0,
      "translation_key": "e3299c3e-87e3-4c9a-9100-3033bcbdfc5f",
      "locale": 1,
      "latest_revision": 24,
      "live": true,
      "has_unpublished_changes": false,
      "first_published_at": "2024-11-20T11:25:45.987Z",
      "last_published_at": "2024-11-20T11:25:45.987Z",
      "live_revision": 24,
      "go_live_at": null,
      "expire_at": null,
      "expired": false,
      "locked": false,
      "locked_at": null,
      "locked_by": null,
      "title": "singel-history",
      "draft_title": "singel-history",
      "slug": "singel-history",
      "content_type": 73,
      "url_path": "/home/history/singel-history/",
      "owner": 1,
      "seo_title": "",
      "show_in_menus": false,
      "search_description": "",
      "latest_revision_created_at": "2024-11-20T11:25:45.885Z",
      "alias_of": null
    }
  },
  {
    "model": "wagtailcore.page",
    "pk": 23,
    "fields": {
      "path": "00010002000A0002",
      "depth": 4,
      "numchild": 0,
      "translation_key": "997c355c-8a91-45c5-9e95-4c385158eaab",
      "locale": 1,
      "latest_revision": 27,
      "live": true,
      "has_unpublished_changes": false,
      "first_published_at": "2024-11-22T22:21:31.182Z",
      "last_published_at": "2024-11-22T22:21:31.182Z",
      "live_revision": 27,
      "go_live_at": null,
      "expire_at": null,
      "expired": false,
      "locked": false,
      "locked_at": null,
      "locked_by": null,
      "title": "meeting-two",
      "draft_title": "meeting-two",
      "slug": "meeting-two",
      "content_type": 87,
      "url_path": "/home/meeting-agendas/meeting-two/",
      "owner": 2,
      "seo_title": "",
      "show_in_menus": false,
      "search_description": "",
      "latest_revision_created_at": "2024-11-22T22:21:30.850Z",
      "alias_of": null
    }
  },
  {
    "model": "wagtailcore.revision",
    "pk": 2,
    "fields": {
      "content_type": 43,
      "base_content_type": 1,
      "object_id": "3",
      "created_at": "2024-11-20T09:02:46.423Z",
      "user": 1,
      "object_str": "home",
      "content": {
        "pk": 3,
        "body": "[]",
        "live": true,
        "path": "00010002",
        "slug": "home",
        "depth": 2,
        "owner": 1,
        "title": "home",
        "locale": 1,
        "locked": false,
        "notice": "",
        "expired": false,
        "alias_of": null,
        "numchild": 0,
        "url_path": "/home/",
        "expire_at": null,
        "locked_at": null,
        "locked_by": null,
        "seo_title": "",
        "team_text": "",
        "go_live_at": null,
        "home_parks": [],
        "county_text": "",
        "cover_image": null,
        "draft_title": "home",
        "img_gallery": null,
        "team_member": [],
        "content_type": 43,
        "heading_text": "",
        "history_text": "",
        "news_heading": "Latest News",
        "park_bgimage": null,
        "team_heading": "",
        "event_heading": "Upcoming Events",
        "live_revision": null,
        "show_in_menus": false,
        "team_link_page": null,
        "history_heading": "",
        "home_page_links": [],
        "latest_revision": null,
        "translation_key": "d2b7a8aa-944a-4b8d-8a3a-ec21db5676a1",
        "history_bg_image": null,
        "home_hero_images": [],
        "news_button_text": "Read more",
        "quick_links_text": "Quick Links",
        "history_link_page": null,
        "last_published_at": null,
        "first_published_at": null,
        "hero_section_image": null,
        "page_links_bgimage": null,
        "search_description": "",
        "read_more_link_page": null,
        "more_event_link_page": null,
        "team_page_button_text": "See Officials",
        "wagtail_admin_comments": [],
        "has_unpublished_changes": false,
        "history_page_button_text": "Get the History",
        "latest_revision_created_at": null,
        "upcoming_event_button_text": "More Events"
      },
      "approved_go_live_at": null
    }
  },
  {
    "model": "wagtailcore.revision",
    "pk": 3,
    "fields": {
      "content_type": 43,
      "base_content_type": 1,
      "object_id": "3",
      "created_at": "2024-11-20T09:27:16.754Z",
      "user": 1,
      "object_str": "home",
      "content": {
        "pk": 3,
        "body": "[]",
        "live": true,
        "path": "00010002",
        "slug": "home",
        "depth": 2,
        "owner": 1,
        "title": "home",
        "locale": 1,
        "locked": false,
        "notice": "Notice - Office block sewerage repair will be scheduled as 26th June, 2024 for 4 Days",
        "expired": false,
        "alias_of": null,
        "numchild": 0,
        "url_path": "/home/",
        "expire_at": null,
        "locked_at": null,
        "locked_by": null,
        "seo_title": "",
        "team_text": "",
        "go_live_at": null,
        "home_parks": [],
        "county_text": "Iredell County, North Carolina",
        "cover_image": null,
        "draft_title": "home",
        "img_gallery": null,
        "team_member": [],
        "content_type": 43,
        "heading_text": "Where harmony LIVES and SINGS !",
        "history_text": "",
        "news_heading": "Latest News",
        "park_bgimage": null,
        "team_heading": "",
        "event_heading": "Upcoming Events",
        "live_revision": 2,
        "show_in_menus": false,
        "team_link_page": null,
        "history_heading": "",
        "home_page_links": [],
        "latest_revision": 2,
        "translation_key": "d2b7a8aa-944a-4b8d-8a3a-ec21db5676a1",
        "history_bg_image": null,
        "home_hero_images": [
          { "pk": null, "page": 3, "image": 7, "sort_order": 0 },
          { "pk": null, "page": 3, "image": 8, "sort_order": 1 },
          { "pk": null, "page": 3, "image": 9, "sort_order": 2 },
          { "pk": null, "page": 3, "image": 10, "sort_order": 3 },
          { "pk": null, "page": 3, "image": 11, "sort_order": 4 }
        ],
        "news_button_text": "Read more",
        "quick_links_text": "Quick Links",
        "history_link_page": null,
        "last_published_at": "2024-11-20T09:02:46.581Z",
        "first_published_at": "2024-11-20T09:02:00Z",
        "hero_section_image": null,
        "page_links_bgimage": null,
        "search_description": "",
        "read_more_link_page": null,
        "more_event_link_page": null,
        "team_page_button_text": "See Officials",
        "wagtail_admin_comments": [],
        "has_unpublished_changes": false,
        "history_page_button_text": "Get the History",
        "latest_revision_created_at": "2024-11-20T09:02:46.423Z",
        "upcoming_event_button_text": "More Events"
      },
      "approved_go_live_at": null
    }
  },
  {
    "model": "wagtailcore.revision",
    "pk": 4,
    "fields": {
      "content_type": 43,
      "base_content_type": 1,
      "object_id": "3",
      "created_at": "2024-11-20T09:36:38.859Z",
      "user": 1,
      "object_str": "home",
      "content": {
        "pk": 3,
        "body": "[]",
        "live": true,
        "path": "00010002",
        "slug": "home",
        "depth": 2,
        "owner": 1,
        "title": "home",
        "locale": 1,
        "locked": false,
        "notice": "Notice - Office block sewerage repair will be scheduled as 26th June, 2024 for 4 Days",
        "expired": false,
        "alias_of": null,
        "numchild": 0,
        "url_path": "/home/",
        "expire_at": null,
        "locked_at": null,
        "locked_by": null,
        "seo_title": "",
        "team_text": "We value the input of our community and the officials elected are in place to serve the people of Harmony to their best abilities.",
        "go_live_at": null,
        "home_parks": [
          {
            "pk": null,
            "page": 3,
            "text": "Parks",
            "link_page": null,
            "sort_order": 0
          },
          {
            "pk": null,
            "page": 3,
            "text": "Schools",
            "link_page": null,
            "sort_order": 1
          },
          {
            "pk": null,
            "page": 3,
            "text": "Businesses",
            "link_page": null,
            "sort_order": 2
          },
          {
            "pk": null,
            "page": 3,
            "text": "Community",
            "link_page": null,
            "sort_order": 3
          }
        ],
        "county_text": "Iredell County, North Carolina",
        "cover_image": null,
        "draft_title": "home",
        "img_gallery": null,
        "team_member": [],
        "content_type": 43,
        "heading_text": "Where harmony LIVES and SINGS !",
        "history_text": "Established at the camp meeting grounds back the town of Harmony was built on a community of people set on carrying traditions into the future",
        "news_heading": "Latest News",
        "park_bgimage": 17,
        "team_heading": "Your Public Servants Working to make Harmony, NC its best.",
        "event_heading": "Upcoming Events",
        "live_revision": 3,
        "show_in_menus": false,
        "team_link_page": null,
        "history_heading": "History of The town of Harmony",
        "home_page_links": [
          {
            "pk": null,
            "page": 3,
            "image": 12,
            "link_page": null,
            "link_text": "Pay Sewer Bill",
            "sort_order": 0
          },
          {
            "pk": null,
            "page": 3,
            "image": 13,
            "link_page": null,
            "link_text": "Business & Development",
            "sort_order": 1
          },
          {
            "pk": null,
            "page": 3,
            "image": 14,
            "link_page": null,
            "link_text": "Points of  Interest",
            "sort_order": 2
          },
          {
            "pk": null,
            "page": 3,
            "image": 15,
            "link_page": null,
            "link_text": "Agenda & Minutes",
            "sort_order": 3
          },
          {
            "pk": null,
            "page": 3,
            "image": 16,
            "link_page": null,
            "link_text": "Emergency Services",
            "sort_order": 4
          }
        ],
        "latest_revision": 3,
        "translation_key": "d2b7a8aa-944a-4b8d-8a3a-ec21db5676a1",
        "history_bg_image": 18,
        "home_hero_images": [
          { "pk": 1, "page": 3, "image": 7, "sort_order": 0 },
          { "pk": 2, "page": 3, "image": 8, "sort_order": 1 },
          { "pk": 3, "page": 3, "image": 9, "sort_order": 2 },
          { "pk": 4, "page": 3, "image": 10, "sort_order": 3 },
          { "pk": 5, "page": 3, "image": 11, "sort_order": 4 }
        ],
        "news_button_text": "Read more",
        "quick_links_text": "Quick Links",
        "history_link_page": null,
        "last_published_at": "2024-11-20T09:27:16.921Z",
        "first_published_at": "2024-11-20T09:02:00Z",
        "hero_section_image": null,
        "page_links_bgimage": null,
        "search_description": "",
        "read_more_link_page": null,
        "more_event_link_page": null,
        "team_page_button_text": "See Officials",
        "wagtail_admin_comments": [],
        "has_unpublished_changes": false,
        "history_page_button_text": "Get the History",
        "latest_revision_created_at": "2024-11-20T09:27:16.754Z",
        "upcoming_event_button_text": "More Events"
      },
      "approved_go_live_at": null
    }
  },
  {
    "model": "wagtailcore.revision",
    "pk": 5,
    "fields": {
      "content_type": 60,
      "base_content_type": 1,
      "object_id": "4",
      "created_at": "2024-11-20T10:00:15.122Z",
      "user": 1,
      "object_str": "our-team",
      "content": {
        "pk": 4,
        "body": "[]",
        "live": true,
        "name": "TOWN OFFICIALS",
        "path": "000100020001",
        "slug": "our-team",
        "depth": 3,
        "owner": 1,
        "title": "our-team",
        "locale": 1,
        "locked": false,
        "expired": false,
        "heading": "We all make one team\r\nworking together for\r\nHarmony",
        "alias_of": null,
        "numchild": 0,
        "url_path": "/home/our-team/",
        "expire_at": null,
        "link_page": null,
        "locked_at": null,
        "locked_by": null,
        "seo_title": "",
        "go_live_at": null,
        "button_text": "Apply Now",
        "cover_image": null,
        "description": "Working together for\r\nHarmony\r\nLorem ipsum dolor sit amet, consectetur adipiscing elit, sed do eiusmod tempor incididunt ut labore et dolore magna aliqua. Purus in mollis nunc sed id semper risus. Dictum non consectetur a erat nam at.",
        "draft_title": "our-team",
        "content_type": 60,
        "apply_heading": "Become an elected Harmony official",
        "live_revision": null,
        "show_in_menus": false,
        "latest_revision": null,
        "sub_heading_one": "Elected Officials",
        "sub_heading_two": "Volunteers / Support Staff",
        "translation_key": "19b60cfe-d692-4347-a56c-9d3ebe696172",
        "last_published_at": null,
        "first_published_at": null,
        "search_description": "",
        "ourteam_page_person": [
          {
            "pk": 1,
            "name": "Jack",
            "page": 4,
            "role": "elected_official",
            "image": 19,
            "sort_order": 0,
            "description": "Former 45th U.S. President, Trump emphasizes economic growth, strong immigration policies, and American energy independence.",
            "designation": "Former President"
          },
          {
            "pk": 2,
            "name": "Kamala Harris",
            "page": 4,
            "role": "volunteer_support",
            "image": 20,
            "sort_order": 1,
            "description": "Harris focuses on social equity, healthcare reforms, and climate change. She's the first female and Black Indian-American Vice President.",
            "designation": "Vice President"
          },
          {
            "pk": 3,
            "name": "Cornel West",
            "page": 4,
            "role": "elected_official",
            "image": 21,
            "sort_order": 2,
            "description": "Philosopher and activist, West advocates for systemic reform, addressing poverty, racism, and corporate influence in politic",
            "designation": "Independent Candidate"
          },
          {
            "pk": 4,
            "name": "Jill Stein",
            "page": 4,
            "role": "volunteer_support",
            "image": 22,
            "sort_order": 3,
            "description": "A three-time candidate, Stein focuses on environmental justice, Medicare for All, and reducing military spending",
            "designation": "Green Party Presidential Candidate"
          }
        ],
        "wagtail_admin_comments": [],
        "has_unpublished_changes": false,
        "latest_revision_created_at": null
      },
      "approved_go_live_at": null
    }
  },
  {
    "model": "wagtailcore.revision",
    "pk": 6,
    "fields": {
      "content_type": 62,
      "base_content_type": 1,
      "object_id": "5",
      "created_at": "2024-11-20T10:33:53.918Z",
      "user": 1,
      "object_str": "business-development",
      "content": {
        "pk": 5,
        "body": "[]",
        "live": true,
        "path": "000100020002",
        "slug": "business-development",
        "depth": 3,
        "owner": 1,
        "title": "business-development",
        "locale": 1,
        "locked": false,
        "expired": false,
        "alias_of": null,
        "numchild": 0,
        "url_path": "/home/business-development/",
        "expire_at": null,
        "locked_at": null,
        "locked_by": null,
        "seo_title": "",
        "go_live_at": null,
        "cover_image": null,
        "draft_title": "business-development",
        "content_type": 62,
        "live_revision": null,
        "show_in_menus": false,
        "latest_revision": null,
        "translation_key": "0a33eec5-76ea-453b-bb80-227abedbea4e",
        "business_heading": "Why do Business in harmony",
        "resource_heading": "Helpful Resources",
        "buginess_page_faq": [
          {
            "pk": 1,
            "page": 5,
            "heading": "Buyers Guide",
            "sort_order": 0,
            "description": "Feugiat pretium nibh ipsum consequat. Tempus iaculis urna id volutpat lacus laoreet non curabitur gravida. Venenatis lectus magna fringilla urna porttitor rhoncus dolor purus non."
          },
          {
            "pk": 2,
            "page": 5,
            "heading": "Moving Guide",
            "sort_order": 1,
            "description": "Dolor sit amet consectetur adipiscing elit pellentesque habitant morbi. Id interdum velit laoreet id donec ultrices. Fringilla phasellus faucibus scelerisque eleifend donec pretium. Est pellentesque elit ullamcorper dignissim. Mauris ultrices eros in cursus turpis massa tincidunt dui."
          }
        ],
        "last_published_at": null,
        "first_published_at": null,
        "search_description": "",
        "buginess_page_slide": [
          {
            "pk": 1,
            "page": 5,
            "image": 23,
            "title": "Business & Development",
            "heading": "Option for type of business Or offer for the users",
            "sort_order": 0
          },
          {
            "pk": 2,
            "page": 5,
            "image": 23,
            "title": "Business & Development !",
            "heading": "Option for type of business Or offer for the users !",
            "sort_order": 1
          },
          {
            "pk": 3,
            "page": 5,
            "image": 23,
            "title": "Business & Development ..",
            "heading": "Option for type of business Or offer for the users ..",
            "sort_order": 2
          }
        ],
        "growth_data_text_one": "Acres to\r\nbuild new",
        "growth_data_text_two": "Growth in\r\nSociety population",
        "buginess_page_criteria": [
          {
            "pk": 1,
            "page": 5,
            "image": 24,
            "heading": "Available Land for Development",
            "sort_order": 0,
            "description": "One - Lorem ipsum dolor sit amet, consectetur adipiscing elit, sed do eiusmod tempor incididunt ut labore et dolore magna aliqua. Purus in mollis nunc sed id semper risus. Dictum non consectetur a erat nam at. Odio ut sem nulla pharetra diam sit amet nisl. Nec tincidunt praesent semper feugiat nibh sed. Vel facilisis volutpat est velit egestas dui id. Amet mattis vulputate enim nulla.\r\n\r\nLorem ipsum dolor sit amet, consectetur adipiscing elit, sed do eiusmod tempor incididunt ut labore et dolore magna aliqua. Purus in mollis nunc sed id semper risus. Dictum non consectetur a erat nam at. Odio ut sem nulla pharetra diam sit amet nisl. Nec tincidunt praesent semper feugiat nibh sed. Vel facilisis volutpat est velit egestas dui id. Amet mattis vulputate enim nulla."
          },
          {
            "pk": 2,
            "page": 5,
            "image": 25,
            "heading": "Sewer + Water Infrastructure",
            "sort_order": 1,
            "description": "two-Lorem ipsum dolor sit amet, consectetur adipiscing elit, sed do eiusmod tempor incididunt ut labore et dolore magna aliqua. Purus in mollis nunc sed id semper risus. Dictum non consectetur a erat nam at. Odio ut sem nulla pharetra diam sit amet nisl. Nec tincidunt praesent semper feugiat nibh sed. Vel facilisis volutpat est velit egestas dui id. Amet mattis vulputate enim nulla.\r\n\r\nLorem ipsum dolor sit amet, consectetur adipiscing elit, sed do eiusmod tempor incididunt ut labore et dolore magna aliqua. Purus in mollis nunc sed id semper risus. Dictum non consectetur a erat nam at. Odio ut sem nulla pharetra diam sit amet nisl. Nec tincidunt praesent semper feugiat nibh sed. Vel facilisis volutpat est velit egestas dui id. Amet mattis vulputate enim nulla."
          },
          {
            "pk": 3,
            "page": 5,
            "image": 26,
            "heading": "Community Support",
            "sort_order": 2,
            "description": "Three- Lorem ipsum dolor sit amet, consectetur adipiscing elit, sed do eiusmod tempor incididunt ut labore et dolore magna aliqua. Purus in mollis nunc sed id semper risus. Dictum non consectetur a erat nam at. Odio ut sem nulla pharetra diam sit amet nisl. Nec tincidunt praesent semper feugiat nibh sed. Vel facilisis volutpat est velit egestas dui id. Amet mattis vulputate enim nulla.\r\n\r\nLorem ipsum dolor sit amet, consectetur adipiscing elit, sed do eiusmod tempor incididunt ut labore et dolore magna aliqua. Purus in mollis nunc sed id semper risus. Dictum non consectetur a erat nam at. Odio ut sem nulla pharetra diam sit amet nisl. Nec tincidunt praesent semper feugiat nibh sed. Vel facilisis volutpat est velit egestas dui id. Amet mattis vulputate enim nulla."
          }
        ],
        "growth_data_number_one": "10",
        "growth_data_number_two": "60",
        "growth_data_text_three": "Helpful Resources",
        "wagtail_admin_comments": [],
        "has_unpublished_changes": false,
        "growth_data_number_three": "20",
        "latest_revision_created_at": null
      },
      "approved_go_live_at": null
    }
  },
  {
    "model": "wagtailcore.revision",
    "pk": 7,
    "fields": {
      "content_type": 57,
      "base_content_type": 1,
      "object_id": "6",
      "created_at": "2024-11-20T10:37:33.848Z",
      "user": 1,
      "object_str": "contacts",
      "content": {
        "pk": 6,
        "body": "[]",
        "live": true,
        "path": "000100020003",
        "slug": "contacts",
        "depth": 3,
        "owner": 1,
        "title": "contacts",
        "locale": 1,
        "locked": false,
        "expired": false,
        "subject": "",
        "alias_of": null,
        "numchild": 0,
        "url_path": "/home/contacts/",
        "expire_at": null,
        "locked_at": null,
        "locked_by": null,
        "seo_title": "",
        "go_live_at": null,
        "to_address": "",
        "cover_image": null,
        "draft_title": "contacts",
        "form_fields": [
          {
            "pk": 1,
            "page": 6,
            "label": "First Name",
            "choices": "",
            "required": true,
            "help_text": "",
            "clean_name": "first_name",
            "field_type": "singleline",
            "sort_order": null,
            "default_value": ""
          },
          {
            "pk": 2,
            "page": 6,
            "label": "Last Name",
            "choices": "",
            "required": true,
            "help_text": "",
            "clean_name": "last_name",
            "field_type": "singleline",
            "sort_order": null,
            "default_value": ""
          },
          {
            "pk": 3,
            "page": 6,
            "label": "Email",
            "choices": "",
            "required": true,
            "help_text": "",
            "clean_name": "email",
            "field_type": "email",
            "sort_order": null,
            "default_value": ""
          },
          {
            "pk": 4,
            "page": 6,
            "label": "Phone number",
            "choices": "",
            "required": true,
            "help_text": "",
            "clean_name": "phone_number",
            "field_type": "singleline",
            "sort_order": null,
            "default_value": ""
          },
          {
            "pk": 5,
            "page": 6,
            "label": "Event Date",
            "choices": "",
            "required": true,
            "help_text": "",
            "clean_name": "event_date",
            "field_type": "date",
            "sort_order": null,
            "default_value": ""
          },
          {
            "pk": 6,
            "page": 6,
            "label": "Event Time",
            "choices": "",
            "required": true,
            "help_text": "",
            "clean_name": "event_time",
            "field_type": "time",
            "sort_order": null,
            "default_value": ""
          },
          {
            "pk": 7,
            "page": 6,
            "label": "Event Description",
            "choices": "",
            "required": true,
            "help_text": "",
            "clean_name": "event_description",
            "field_type": "multiline",
            "sort_order": null,
            "default_value": ""
          },
          {
            "pk": 8,
            "page": 6,
            "label": "Upload Event Featured Image",
            "choices": "",
            "required": true,
            "help_text": "",
            "clean_name": "upload_event_featured_image",
            "field_type": "file",
            "sort_order": null,
            "default_value": ""
          },
          {
            "pk": 9,
            "page": 6,
            "label": "Upload Event Featured Images",
            "choices": "",
            "required": true,
            "help_text": "",
            "clean_name": "upload_event_featured_images",
            "field_type": "multiupload",
            "sort_order": null,
            "default_value": ""
          },
          {
            "pk": 10,
            "page": 6,
            "label": "Event Price",
            "choices": "paid,free",
            "required": true,
            "help_text": "",
            "clean_name": "event_price",
            "field_type": "radio",
            "sort_order": null,
            "default_value": ""
          },
          {
            "pk": 11,
            "page": 6,
            "label": "Amount",
            "choices": "20,30,40",
            "required": false,
            "help_text": "",
            "clean_name": "amount",
            "field_type": "dropdown",
            "sort_order": null,
            "default_value": ""
          }
        ],
        "content_type": 57,
        "from_address": "",
        "live_revision": null,
        "show_in_menus": false,
        "latest_revision": null,
        "translation_key": "53158fe5-7c9e-41c1-baab-cebe6e64498b",
        "last_published_at": null,
        "first_published_at": null,
        "search_description": "",
        "contactform_details": [
          {
            "pk": 1,
            "page": 6,
            "image": null,
            "heading": "We review event submissions weekly on Thursday to submit approved events.",
            "sort_order": 0,
            "description": "If you have an event that youd like to share on our website you can submit your event here to show up in the local events pages of our website. Events we encourage are community events or other event\r\ns that the Harmonians would benefit from knowing. We do not approve yard sales, or other",
            "contact_number": "09999999999",
            "contact_address": "sector 78 USA",
            "contact_heading": "Quick Contact",
            "contact_form_heading": "Host an event or other"
          },
          {
            "pk": 2,
            "page": 6,
            "image": null,
            "heading": "Share History story",
            "sort_order": 1,
            "description": "If you have an event that youd like to share on our website you can submit your event here to show up in the local events pages of our website. Events we encourage are community events or other events that the Harmonians would benefit from knowing. We do not approve yard sales, or other",
            "contact_number": "09882282282",
            "contact_address": "3447 Street ,USA",
            "contact_heading": "Quick Contact",
            "contact_form_heading": "Share History story"
          },
          {
            "pk": 3,
            "page": 6,
            "image": null,
            "heading": "Develop in Harmony",
            "sort_order": 2,
            "description": "If you have an event that youd like to share on our website you can submit your event here to show up in the local events pages of our website. Events we encourage are community events or other events that the Harmonians would benefit from knowing. We do not approve yard sales, or other..",
            "contact_number": "0808773737",
            "contact_address": "736 Street USA",
            "contact_heading": "Quick Contact",
            "contact_form_heading": "Develop in Harmony"
          }
        ],
        "wagtail_admin_comments": [],
        "has_unpublished_changes": false,
        "latest_revision_created_at": null
      },
      "approved_go_live_at": null
    }
  },
  {
    "model": "wagtailcore.revision",
    "pk": 8,
    "fields": {
      "content_type": 85,
      "base_content_type": 1,
      "object_id": "7",
      "created_at": "2024-11-20T10:41:26.639Z",
      "user": 1,
      "object_str": "emergency-service",
      "content": {
        "pk": 7,
        "body": "[]",
        "live": true,
        "path": "000100020004",
        "slug": "emergency-service",
        "depth": 3,
        "owner": 1,
        "title": "emergency-service",
        "locale": 1,
        "locked": false,
        "expired": false,
        "heading": "All Emergency Services",
        "alias_of": null,
        "numchild": 0,
        "url_path": "/home/emergency-service/",
        "expire_at": null,
        "locked_at": null,
        "locked_by": null,
        "seo_title": "",
        "go_live_at": null,
        "cover_image": null,
        "draft_title": "emergency-service",
        "content_type": 85,
        "live_revision": null,
        "show_in_menus": false,
        "latest_revision": null,
        "translation_key": "cf0971fb-4d9f-416e-9b1b-2d9a09bf7d67",
        "last_published_at": null,
        "emergency_contents": [
          {
            "pk": 1,
            "page": 7,
            "email": "help@firedep.com",
            "image": 28,
            "call_text": "Call",
            "email_text": "Email",
            "icon_image": 27,
            "sort_order": 0,
            "button_name": "READ MORE",
            "button_text": "Feugiat pretium nibh ipsum consequat. Tempus iaculis urna id volutpat lacus laoreet non curabitur gravida. Venenatis lectus magna fringilla urna porttitor rhoncus dolor purus non.",
            "description": "Lorem ipsum dolor sit amet, consectetur adipiscing elit, sed do eiusmod tempor incididunt ut labore et dolore magna aliqua. Purus in mollis nunc sed id semper risus. Dictum non consectetur a erat nam at.",
            "heading_two": "Available right for you\r\nin any emergency",
            "mobile_number": "873217383",
            "short_description": "Lorem ipsum dolor sit amet, consectetur adipiscing elit, sed do eiusmod tempor incididunt ut labore et",
            "service_name_heading": "Fire Department",
            "service_sidebar_name": "Fire Dept."
          },
          {
            "pk": 2,
            "page": 7,
            "email": "sf@gmail.com",
            "image": 28,
            "call_text": "Call",
            "email_text": "Email",
            "icon_image": 29,
            "sort_order": 1,
            "button_name": "READ MORE",
            "button_text": "Feugiat pretium nibh ipsum consequat. Tempus iaculis urna id volutpat lacus laoreet non curabitur gravida. Venenatis lectus magna fringilla urna porttitor rhoncus dolor purus non.",
            "description": "Test Lorem ipsum dolor sit amet, consectetur adipiscing elit, sed do eiusmod tempor incididunt ut labore et dolore magna aliqua. Purus in mollis nunc sed id semper risus. Dictum non consectetur a erat nam at.",
            "heading_two": "Available right for you\r\nin any emergency",
            "mobile_number": "878277392",
            "short_description": "Sheriff Department",
            "service_name_heading": "",
            "service_sidebar_name": "Sheriff Department"
          }
        ],
        "first_published_at": null,
        "search_description": "",
        "wagtail_admin_comments": [],
        "has_unpublished_changes": false,
        "latest_revision_created_at": null
      },
      "approved_go_live_at": null
    }
  },
  {
    "model": "wagtailcore.revision",
    "pk": 9,
    "fields": {
      "content_type": 49,
      "base_content_type": 1,
      "object_id": "8",
      "created_at": "2024-11-20T10:44:54.056Z",
      "user": 1,
      "object_str": "lands",
      "content": {
        "pk": 8,
        "body": "[]",
        "live": true,
        "path": "000100020005",
        "slug": "lands",
        "depth": 3,
        "owner": 1,
        "title": "lands",
        "locale": 1,
        "locked": false,
        "expired": false,
        "heading": "We found out the best\r\nspot for you to make\r\nmoney out of this land!",
        "alias_of": null,
        "numchild": 0,
        "url_path": "/home/lands/",
        "expire_at": null,
        "link_page": null,
        "locked_at": null,
        "locked_by": null,
        "seo_title": "",
        "go_live_at": null,
        "button_text": "Get Assistance",
        "cover_image": null,
        "draft_title": "lands",
        "content_type": 49,
        "live_revision": null,
        "show_in_menus": false,
        "latest_revision": null,
        "translation_key": "2191f71f-ffe9-4825-b6de-fd04b29f01ba",
        "land_spot_feature": [
          {
            "pk": 1,
            "page": 8,
            "text": "Lower property taxes",
            "image": 30,
            "sort_order": 0
          },
          {
            "pk": 2,
            "page": 8,
            "text": "Best sewer pipelines",
            "image": 30,
            "sort_order": 1
          },
          {
            "pk": 3,
            "page": 8,
            "text": "24x7 Fresh water & electricity supply",
            "image": 30,
            "sort_order": 2
          },
          {
            "pk": 4,
            "page": 8,
            "text": "Lower utilities",
            "image": 30,
            "sort_order": 3
          },
          {
            "pk": 5,
            "page": 8,
            "text": "250 kya Grid for society",
            "image": 30,
            "sort_order": 4
          }
        ],
        "last_published_at": null,
        "first_published_at": null,
        "search_description": "",
        "wagtail_admin_comments": [],
        "has_unpublished_changes": false,
        "latest_revision_created_at": null
      },
      "approved_go_live_at": null
    }
  },
  {
    "model": "wagtailcore.revision",
    "pk": 10,
    "fields": {
      "content_type": 76,
      "base_content_type": 1,
      "object_id": "9",
      "created_at": "2024-11-20T10:47:38.891Z",
      "user": 1,
      "object_str": "elections",
      "content": {
        "pk": 9,
        "body": "[]",
        "live": true,
        "path": "000100020006",
        "slug": "elections",
        "depth": 3,
        "owner": 1,
        "title": "elections",
        "locale": 1,
        "locked": false,
        "expired": false,
        "heading": "Here goes the title for\r\nthe elections page for\r\nthe township",
        "alias_of": null,
        "numchild": 0,
        "url_path": "/home/elections/",
        "expire_at": null,
        "locked_at": null,
        "locked_by": null,
        "page_name": "ELECTIONS",
        "seo_title": "",
        "go_live_at": null,
        "cover_image": null,
        "description": "Lorem ipsum dolor sit amet, consectetur adipiscing elit, sed do eiusmod tempor incididunt ut labore et dolore magna aliqua. Purus in mollis nunc sed id semper risus. Dictum non consectetur a erat nam at.",
        "draft_title": "elections",
        "heading_one": "Development Officer",
        "heading_two": "Development Officer",
        "notice_text": "Election results will be declared on 5 August, 2024",
        "content_type": 76,
        "link_page_one": null,
        "link_page_two": null,
        "live_revision": null,
        "show_in_menus": false,
        "button_text_one": "Run for Position",
        "button_text_two": "Run for Position",
        "latest_revision": null,
        "link_page_three": null,
        "sub_heading_one": "NOMINEES",
        "sub_heading_two": "NOMINEES",
        "translation_key": "eb877fd1-471a-4ad2-a74f-d6759df04d8b",
        "button_text_three": "Get on Ballot",
        "last_published_at": null,
        "first_published_at": null,
        "nomination_heading": "Apply for the nomination Check the criteria and Eligibility",
        "search_description": "",
        "wagtail_admin_comments": [],
        "has_unpublished_changes": false,
        "latest_revision_created_at": null
      },
      "approved_go_live_at": null
    }
  },
  {
    "model": "wagtailcore.revision",
    "pk": 11,
    "fields": {
      "content_type": 77,
      "base_content_type": 1,
      "object_id": "10",
      "created_at": "2024-11-20T10:51:14.022Z",
      "user": 1,
      "object_str": "single-election",
      "content": {
        "pk": 10,
        "body": "[]",
        "live": true,
        "path": "0001000200060001",
        "slug": "single-election",
        "depth": 4,
        "owner": 1,
        "title": "single-election",
        "locale": 1,
        "locked": false,
        "expired": false,
        "heading": "Development Officer",
        "subject": "",
        "alias_of": null,
        "numchild": 0,
        "url_path": "/home/elections/single-election/",
        "expire_at": null,
        "locked_at": null,
        "locked_by": null,
        "seo_title": "",
        "go_live_at": null,
        "party_name": "PARTY NAME",
        "to_address": "",
        "cover_image": null,
        "description": "Lorem ipsum dolor sit amet, consectetur adipiscing elit, sed do eiusmod tempor incididunt ut labore et dolore magna aliqua. Purus in mollis nunc sed id semper risus. Dictum non consectetur a erat nam at.",
        "draft_title": "single-election",
        "form_fields": [
          {
            "pk": 1,
            "page": 10,
            "label": "First Name",
            "choices": "",
            "required": true,
            "help_text": "",
            "clean_name": "first_name",
            "field_type": "singleline",
            "sort_order": null,
            "default_value": ""
          },
          {
            "pk": 2,
            "page": 10,
            "label": "Last Name",
            "choices": "",
            "required": true,
            "help_text": "",
            "clean_name": "last_name",
            "field_type": "singleline",
            "sort_order": null,
            "default_value": ""
          },
          {
            "pk": 3,
            "page": 10,
            "label": "Email",
            "choices": "",
            "required": true,
            "help_text": "",
            "clean_name": "email",
            "field_type": "email",
            "sort_order": null,
            "default_value": ""
          },
          {
            "pk": 4,
            "page": 10,
            "label": "Phone number",
            "choices": "",
            "required": true,
            "help_text": "",
            "clean_name": "phone_number",
            "field_type": "singleline",
            "sort_order": null,
            "default_value": ""
          },
          {
            "pk": 5,
            "page": 10,
            "label": "Choose party",
            "choices": "",
            "required": true,
            "help_text": "",
            "clean_name": "choose_party",
            "field_type": "dropdown",
            "sort_order": null,
            "default_value": ""
          },
          {
            "pk": 6,
            "page": 10,
            "label": "Choose position",
            "choices": "",
            "required": true,
            "help_text": "",
            "clean_name": "choose_position",
            "field_type": "dropdown",
            "sort_order": null,
            "default_value": ""
          },
          {
            "pk": 7,
            "page": 10,
            "label": "Your Intro",
            "choices": "",
            "required": true,
            "help_text": "",
            "clean_name": "your_intro",
            "field_type": "multiline",
            "sort_order": null,
            "default_value": ""
          }
        ],
        "page_notice": "Election results will be declared on 5 August, 2024",
        "content_type": 77,
        "from_address": "",
        "live_revision": null,
        "show_in_menus": false,
        "position_title": "Nominees",
        "latest_revision": null,
        "translation_key": "f7e1d056-a636-412f-abe9-6fb5881eb757",
        "last_published_at": null,
        "first_published_at": null,
        "search_description": "",
        "election_page_person": [
          {
            "pk": 1,
            "name": "Donald Trump",
            "page": 10,
            "image": 19,
            "sort_order": 0,
            "description": "Former 45th U.S. President, Trump emphasizes economic growth, strong immigration policies, and American energy independence.",
            "designation": "Former President",
            "re_election_designation": ""
          },
          {
            "pk": 2,
            "name": "Cornel West",
            "page": 10,
            "image": 22,
            "sort_order": 1,
            "description": "Philosopher and activist, West advocates for systemic reform, addressing poverty, racism, and corporate influence in politic",
            "designation": "Independent Candidate",
            "re_election_designation": ""
          },
          {
            "pk": 3,
            "name": "Jill Stein",
            "page": 10,
            "image": 21,
            "sort_order": 2,
            "description": "A three-time candidate, Stein focuses on environmental justice, Medicare for All, and reducing military spending",
            "designation": "Green Party Presidential Candidate",
            "re_election_designation": ""
          }
        ],
        "result_declare_heading": "Election results will be declared on 5 August, 2024",
        "wagtail_admin_comments": [],
        "has_unpublished_changes": false,
        "form_description_message": "",
        "latest_revision_created_at": null
      },
      "approved_go_live_at": null
    }
  },
  {
    "model": "wagtailcore.revision",
    "pk": 12,
    "fields": {
      "content_type": 55,
      "base_content_type": 1,
      "object_id": "11",
      "created_at": "2024-11-20T10:56:27.004Z",
      "user": 1,
      "object_str": "news",
      "content": {
        "pk": 11,
        "body": "[]",
        "live": true,
        "name": "NEWS",
        "path": "000100020007",
        "slug": "news",
        "depth": 3,
        "owner": 1,
        "title": "news",
        "locale": 1,
        "locked": false,
        "expired": false,
        "alias_of": null,
        "numchild": 0,
        "url_path": "/home/news/",
        "expire_at": null,
        "link_page": null,
        "locked_at": null,
        "locked_by": null,
        "seo_title": "",
        "go_live_at": null,
        "button_text": "Read more",
        "cover_image": null,
        "draft_title": "news",
        "content_type": 55,
        "live_revision": null,
        "show_in_menus": false,
        "bottom_heading": "Read history of the town of Harmony",
        "latest_revision": null,
        "translation_key": "d166fb4b-6b95-4790-996d-eda6506828d3",
        "bottom_image_one": 31,
        "bottom_image_two": 32,
        "bottom_link_page": null,
        "last_published_at": null,
        "bottom_button_text": "Read more",
        "first_published_at": null,
        "search_description": "",
        "wagtail_admin_comments": [],
        "has_unpublished_changes": false,
        "latest_revision_created_at": null
      },
      "approved_go_live_at": null
    }
  },
  {
    "model": "wagtailcore.revision",
    "pk": 13,
    "fields": {
      "content_type": 54,
      "base_content_type": 1,
      "object_id": "12",
      "created_at": "2024-11-20T11:00:39.733Z",
      "user": 1,
      "object_str": "single-news",
      "content": {
        "pk": 12,
        "body": "[]",
        "date": "2024-11-27",
        "live": true,
        "name": "LATEST NEWS",
        "path": "0001000200070001",
        "slug": "single-news",
        "depth": 4,
        "owner": 1,
        "title": "single-news",
        "locale": 1,
        "locked": false,
        "expired": false,
        "heading": "There will be the latest news title and can be little longer to take full space..",
        "alias_of": null,
        "numchild": 0,
        "url_path": "/home/news/single-news/",
        "expire_at": null,
        "locked_at": null,
        "locked_by": null,
        "seo_title": "",
        "go_live_at": null,
        "cover_image": null,
        "draft_title": "single-news",
        "content_type": 54,
        "live_revision": null,
        "news_bg_image": 33,
        "show_in_menus": false,
        "bottom_heading": "Read history of the town of Harmony",
        "latest_revision": null,
        "translation_key": "36d5ea98-bf7a-40c5-9cd7-d3a79fa8764c",
        "bottom_image_one": 32,
        "bottom_image_two": 31,
        "bottom_link_page": null,
        "news_page_images": [
          {
            "pk": 1,
            "page": 12,
            "image": 34,
            "sort_order": 0,
            "image_title": "Any Picture title"
          },
          {
            "pk": 2,
            "page": 12,
            "image": 34,
            "sort_order": 1,
            "image_title": "Any Picture title"
          },
          {
            "pk": 3,
            "page": 12,
            "image": 34,
            "sort_order": 2,
            "image_title": "Any Picture title"
          },
          {
            "pk": 4,
            "page": 12,
            "image": 34,
            "sort_order": 3,
            "image_title": "Any Picture title"
          }
        ],
        "last_published_at": null,
        "bottom_button_text": "History",
        "first_published_at": null,
        "main_headline_text": "Latest News Headline here",
        "search_description": "",
        "main_headline_image": 35,
        "any_headline_heading": "",
        "wagtail_admin_comments": [],
        "has_unpublished_changes": false,
        "main_headline_description": "Lorem ipsum dolor sit amet, consectetur adipiscing elit, sed do eiusmod tempor incididunt ut labore et dolore magna aliqua. Purus in mollis nunc sed id semper risus. Dictum non consectetur a erat nam at. Odio ut sem nulla pharetra diam sit amet nisl. Nec tincidunt praesent semper feugiat nibh sed. Vel facilisis volutpat est velit egestas dui id. Amet mattis vulputate enim nulla.",
        "latest_revision_created_at": null,
        "any_headline_sort_description": "Any Headline here"
      },
      "approved_go_live_at": null
    }
  },
  {
    "model": "wagtailcore.revision",
    "pk": 14,
    "fields": {
      "content_type": 71,
      "base_content_type": 1,
      "object_id": "13",
      "created_at": "2024-11-20T11:01:50.585Z",
      "user": 1,
      "object_str": "Permits",
      "content": {
        "pk": 13,
        "body": "[]",
        "live": true,
        "path": "000100020008",
        "slug": "permits",
        "depth": 3,
        "owner": 1,
        "title": "Permits",
        "locale": 1,
        "locked": false,
        "expired": false,
        "heading": "Permits",
        "alias_of": null,
        "numchild": 0,
        "url_path": "/home/permits/",
        "expire_at": null,
        "locked_at": null,
        "locked_by": null,
        "seo_title": "",
        "go_live_at": null,
        "cover_image": null,
        "draft_title": "Permits",
        "content_type": 71,
        "live_revision": null,
        "show_in_menus": false,
        "latest_revision": null,
        "translation_key": "4a1aa3bf-ab20-4a24-bd0e-eb366f3bfbfd",
        "last_published_at": null,
        "first_published_at": null,
        "search_description": "",
        "wagtail_admin_comments": [],
        "has_unpublished_changes": false,
        "latest_revision_created_at": null
      },
      "approved_go_live_at": null
    }
  },
  {
    "model": "wagtailcore.revision",
    "pk": 15,
    "fields": {
      "content_type": 71,
      "base_content_type": 1,
      "object_id": "13",
      "created_at": "2024-11-20T11:02:48.231Z",
      "user": 1,
      "object_str": "business-permits",
      "content": {
        "pk": 13,
        "body": "[]",
        "live": true,
        "path": "000100020008",
        "slug": "permits",
        "depth": 3,
        "owner": 1,
        "title": "business-permits",
        "locale": 1,
        "locked": false,
        "expired": false,
        "heading": "Permits",
        "alias_of": null,
        "numchild": 0,
        "url_path": "/home/permits/",
        "expire_at": null,
        "locked_at": null,
        "locked_by": null,
        "seo_title": "",
        "go_live_at": null,
        "cover_image": null,
        "draft_title": "Permits",
        "content_type": 71,
        "live_revision": 14,
        "show_in_menus": false,
        "latest_revision": 14,
        "translation_key": "4a1aa3bf-ab20-4a24-bd0e-eb366f3bfbfd",
        "last_published_at": "2024-11-20T11:01:50.998Z",
        "first_published_at": "2024-11-20T11:01:00Z",
        "search_description": "",
        "wagtail_admin_comments": [],
        "has_unpublished_changes": false,
        "latest_revision_created_at": "2024-11-20T11:01:50.585Z"
      },
      "approved_go_live_at": null
    }
  },
  {
    "model": "wagtailcore.revision",
    "pk": 16,
    "fields": {
      "content_type": 69,
      "base_content_type": 1,
      "object_id": "14",
      "created_at": "2024-11-20T11:03:56.702Z",
      "user": 1,
      "object_str": "single-business-permit",
      "content": {
        "pk": 14,
        "body": "[]",
        "live": true,
        "path": "0001000200080001",
        "slug": "single-business-permit",
        "depth": 4,
        "owner": 1,
        "title": "single-business-permit",
        "locale": 1,
        "locked": false,
        "expired": false,
        "heading": "Building permit !",
        "subject": "",
        "alias_of": null,
        "numchild": 0,
        "url_path": "/home/permits/single-business-permit/",
        "expire_at": null,
        "locked_at": null,
        "locked_by": null,
        "seo_title": "",
        "go_live_at": null,
        "to_address": "",
        "cover_image": null,
        "description": "Lorem ipsum dolor sit amet, consectetur adipiscing elit, sed do eiusmod tempor incididunt ut labore et dolore magna aliqua.Lorem ipsum dolor sit amet, consectetur adipiscing elit, sed do eiusmod tempor incididunt ut labore et dolore magna aliqua.",
        "draft_title": "single-business-permit",
        "form_fields": [
          {
            "pk": 1,
            "page": 14,
            "label": "First Name",
            "choices": "",
            "required": true,
            "help_text": "",
            "clean_name": "first_name",
            "field_type": "singleline",
            "sort_order": null,
            "default_value": ""
          },
          {
            "pk": 2,
            "page": 14,
            "label": "Last Name",
            "choices": "",
            "required": true,
            "help_text": "",
            "clean_name": "last_name",
            "field_type": "singleline",
            "sort_order": null,
            "default_value": ""
          },
          {
            "pk": 3,
            "page": 14,
            "label": "Email",
            "choices": "",
            "required": true,
            "help_text": "",
            "clean_name": "email",
            "field_type": "email",
            "sort_order": null,
            "default_value": ""
          },
          {
            "pk": 4,
            "page": 14,
            "label": "Phone number",
            "choices": "",
            "required": true,
            "help_text": "",
            "clean_name": "phone_number",
            "field_type": "singleline",
            "sort_order": null,
            "default_value": ""
          },
          {
            "pk": 5,
            "page": 14,
            "label": "Choose a Business type",
            "choices": "Businuess1,Businuess2,Businuess3",
            "required": true,
            "help_text": "",
            "clean_name": "choose_a_business_type",
            "field_type": "dropdown",
            "sort_order": null,
            "default_value": ""
          },
          {
            "pk": 6,
            "page": 14,
            "label": "Choose Category",
            "choices": "category1,category2,category3",
            "required": true,
            "help_text": "",
            "clean_name": "choose_category",
            "field_type": "dropdown",
            "sort_order": null,
            "default_value": ""
          },
          {
            "pk": 7,
            "page": 14,
            "label": "Message",
            "choices": "",
            "required": true,
            "help_text": "",
            "clean_name": "message",
            "field_type": "multiline",
            "sort_order": null,
            "default_value": ""
          }
        ],
        "content_type": 69,
        "from_address": "",
        "live_revision": null,
        "show_in_menus": false,
        "latest_revision": null,
        "translation_key": "bb3bf9ee-9303-4ecb-a4c9-a3e8892b524c",
        "permit_link_page": null,
        "last_published_at": null,
        "first_published_at": null,
        "permit_button_text": "Apply Now",
        "search_description": "",
        "wagtail_admin_comments": [],
        "has_unpublished_changes": false,
        "latest_revision_created_at": null
      },
      "approved_go_live_at": null
    }
  },
  {
    "model": "wagtailcore.revision",
    "pk": 17,
    "fields": {
      "content_type": 68,
      "base_content_type": 1,
      "object_id": "15",
      "created_at": "2024-11-20T11:05:26.181Z",
      "user": 1,
      "object_str": "events",
      "content": {
        "pk": 15,
        "body": "[]",
        "live": true,
        "path": "000100020009",
        "slug": "events",
        "depth": 3,
        "owner": 1,
        "title": "events",
        "locale": 1,
        "locked": false,
        "expired": false,
        "heading": "EVENTS",
        "alias_of": null,
        "numchild": 0,
        "url_path": "/home/events/",
        "expire_at": null,
        "link_page": null,
        "locked_at": null,
        "locked_by": null,
        "seo_title": "",
        "go_live_at": null,
        "button_text": "Event Details",
        "cover_image": null,
        "draft_title": "events",
        "content_type": 68,
        "live_revision": null,
        "show_in_menus": false,
        "bottom_heading": "Do you want to hold an even in Harmony?",
        "latest_revision": null,
        "translation_key": "55f6bd0a-f8c3-47db-bf1b-bd9cc6e6245c",
        "bottom_image_one": 32,
        "bottom_image_two": 31,
        "bottom_link_page": 6,
        "last_published_at": null,
        "bottom_button_text": "Contact us",
        "first_published_at": null,
        "search_description": "",
        "wagtail_admin_comments": [],
        "has_unpublished_changes": false,
        "latest_revision_created_at": null
      },
      "approved_go_live_at": null
    }
  },
  {
    "model": "wagtailcore.revision",
    "pk": 18,
    "fields": {
      "content_type": 66,
      "base_content_type": 1,
      "object_id": "16",
      "created_at": "2024-11-20T11:08:39.765Z",
      "user": 1,
      "object_str": "single-event",
      "content": {
        "pk": 16,
        "body": "[]",
        "live": true,
        "path": "0001000200090001",
        "slug": "single-event",
        "depth": 4,
        "owner": 1,
        "title": "single-event",
        "locale": 1,
        "locked": false,
        "expired": false,
        "heading": "Annual Bowling Event at the Park",
        "alias_of": null,
        "numchild": 0,
        "url_path": "/home/events/single-event/",
        "expire_at": null,
        "link_page": null,
        "locked_at": null,
        "locked_by": null,
        "page_name": "EVENTS",
        "seo_title": "",
        "event_date": "2024-11-26",
        "go_live_at": null,
        "button_text": "Add to Calender",
        "cover_image": null,
        "description": "Lorem ipsum dolor sit amet, consectetur adipiscing elit, sed do eiusmod tempor incididunt ut labore et dolore magna aliqua. Purus in mollis nunc sed id semper risus. Dictum non consectetur a erat nam at. Odio ut sem nulla pharetra diam sit amet nisl. Nec tincidunt praesent semper feugiat nibh sed. Vel facilisis volutpat est velit egestas dui id. Amet mattis vulputate enim nulla.",
        "draft_title": "single-event",
        "content_type": 66,
        "link_page_two": null,
        "live_revision": null,
        "show_in_menus": false,
        "bottom_heading": "Do you want to\r\nhold an event in\r\nHarmony?",
        "event_bg_image": 33,
        "button_text_two": "Add to Calender",
        "latest_revision": null,
        "translation_key": "2eff74b4-100d-4e93-9d10-1b3cef249abd",
        "bottom_image_one": 32,
        "bottom_image_two": 31,
        "bottom_link_page": 6,
        "event_page_images": [
          {
            "pk": 1,
            "page": 16,
            "image": 34,
            "title": "Event Photo",
            "sort_order": 0
          },
          {
            "pk": 2,
            "page": 16,
            "image": 34,
            "title": "Event Photo",
            "sort_order": 1
          },
          {
            "pk": 3,
            "page": 16,
            "image": 34,
            "title": "Event Photo",
            "sort_order": 2
          },
          {
            "pk": 4,
            "page": 16,
            "image": 34,
            "title": "Event Photo",
            "sort_order": 3
          }
        ],
        "last_published_at": null,
        "bottom_button_text": "Contact us",
        "first_published_at": null,
        "search_description": "",
        "event_details_heading": "Event Details",
        "wagtail_admin_comments": [],
        "event_short_description": "Lorem ipsum dolor sit amet, consectetur adipiscing elit, sed do eiusmod tempor incididunt ut labore et dolore magna aliqua",
        "has_unpublished_changes": false,
        "latest_revision_created_at": null
      },
      "approved_go_live_at": null
    }
  },
  {
    "model": "wagtailcore.revision",
    "pk": 19,
    "fields": {
      "content_type": 88,
      "base_content_type": 1,
      "object_id": "17",
      "created_at": "2024-11-20T11:10:45.266Z",
      "user": 1,
      "object_str": "meeting-agendas",
      "content": {
        "pk": 17,
        "body": "[]",
        "live": true,
        "path": "00010002000A",
        "slug": "meeting-agendas",
        "depth": 3,
        "owner": 1,
        "title": "meeting-agendas",
        "locale": 1,
        "locked": false,
        "expired": false,
        "alias_of": null,
        "numchild": 0,
        "url_path": "/home/meeting-agendas/",
        "expire_at": null,
        "locked_at": null,
        "locked_by": null,
        "seo_title": "",
        "go_live_at": null,
        "draft_title": "meeting-agendas",
        "content_type": 88,
        "meeting_text": "All Meetings",
        "meeting_type": "society",
        "live_revision": null,
        "show_in_menus": false,
        "bottom_heading": "Stay update with\r\nthe News/Events in Harmony",
        "latest_revision": null,
        "translation_key": "42737dc2-cc73-408f-a43f-28057888e708",
        "bottom_image_one": 32,
        "bottom_image_two": 31,
        "last_published_at": null,
        "first_published_at": null,
        "search_description": "",
        "wagtail_admin_comments": [],
        "has_unpublished_changes": false,
        "latest_revision_created_at": null
      },
      "approved_go_live_at": null
    }
  },
  {
    "model": "wagtailcore.revision",
    "pk": 20,
    "fields": {
      "content_type": 87,
      "base_content_type": 1,
      "object_id": "18",
      "created_at": "2024-11-20T11:12:37.614Z",
      "user": 1,
      "object_str": "meeting-one",
      "content": {
        "pk": 18,
        "body": "[]",
        "live": true,
        "path": "00010002000A0001",
        "slug": "meeting-one",
        "depth": 4,
        "owner": 1,
        "title": "meeting-one",
        "locale": 1,
        "locked": false,
        "expired": false,
        "alias_of": null,
        "numchild": 0,
        "url_path": "/home/meeting-agendas/meeting-one/",
        "expire_at": null,
        "locked_at": null,
        "locked_by": null,
        "seo_title": "",
        "go_live_at": null,
        "draft_title": "meeting-one",
        "content_type": 87,
        "meeting_date": "2024-11-20",
        "meeting_type": "society",
        "live_revision": null,
        "show_in_menus": false,
        "latest_revision": null,
        "translation_key": "3abaf22e-aa93-48f1-8b02-61640da47549",
        "meeting_end_time": "18:00:00",
        "last_published_at": null,
        "first_published_at": null,
        "meeting_start_time": "16:00:00",
        "search_description": "",
        "meeting_description": "About the meeting, people whore joining, urgency of meeting anything about the meeting",
        "wagtail_admin_comments": [],
        "has_unpublished_changes": false,
        "latest_revision_created_at": null
      },
      "approved_go_live_at": null
    }
  },
  {
    "model": "wagtailcore.revision",
    "pk": 21,
    "fields": {
      "content_type": 80,
      "base_content_type": 1,
      "object_id": "19",
      "created_at": "2024-11-20T11:16:48.827Z",
      "user": 1,
      "object_str": "points-of-interests",
      "content": {
        "pk": 19,
        "body": "[]",
        "live": true,
        "path": "00010002000B",
        "slug": "points-of-interests",
        "text": "Drop the pin to see location",
        "depth": 3,
        "owner": 1,
        "title": "points-of-interests",
        "locale": 1,
        "locked": false,
        "expired": false,
        "alias_of": null,
        "category": "schools",
        "numchild": 0,
        "url_path": "/home/points-of-interests/",
        "expire_at": null,
        "locked_at": null,
        "locked_by": null,
        "seo_title": "",
        "go_live_at": null,
        "cover_image": null,
        "draft_title": "points-of-interests",
        "content_type": 80,
        "live_revision": null,
        "show_in_menus": false,
        "bottom_heading": "Submit your fun photo at any point of interested",
        "latest_revision": null,
        "translation_key": "d590f98b-4a55-4e11-bd2d-4c27e6cbfb40",
        "bottom_image_one": 32,
        "bottom_image_two": 31,
        "bottom_link_page": null,
        "small_land_image": 36,
        "last_published_at": null,
        "bottom_button_text": "Submit your photo",
        "first_published_at": null,
        "search_description": "",
        "wagtail_admin_comments": [],
        "has_unpublished_changes": false,
        "latest_revision_created_at": null
      },
      "approved_go_live_at": null
    }
  },
  {
    "model": "wagtailcore.revision",
    "pk": 22,
    "fields": {
      "content_type": 83,
      "base_content_type": 1,
      "object_id": "20",
      "created_at": "2024-11-20T11:21:17.902Z",
      "user": 1,
      "object_str": "single-points-of-interest",
      "content": {
        "pk": 20,
        "body": "[]",
        "live": true,
        "path": "00010002000B0001",
        "slug": "single-points-of-interest",
        "text": "Drop the pin to see location",
        "depth": 4,
        "owner": 1,
        "title": "single-points-of-interest",
        "locale": 1,
        "locked": false,
        "expired": false,
        "alias_of": null,
        "category": "schools",
        "numchild": 0,
        "url_path": "/home/points-of-interests/single-points-of-interest/",
        "expire_at": null,
        "locked_at": null,
        "locked_by": null,
        "seo_title": "",
        "go_live_at": null,
        "cover_image": null,
        "draft_title": "single-points-of-interest",
        "content_type": 83,
        "live_revision": null,
        "show_in_menus": false,
        "bottom_heading": "Submit your fun photo at any point of interested",
        "latest_revision": null,
        "translation_key": "f18de416-8cc8-4a2d-941a-ff75e420c74a",
        "back_button_text": "Back to Points of Interest",
        "bottom_image_one": 32,
        "bottom_image_two": 31,
        "bottom_link_page": null,
        "small_land_image": null,
        "last_published_at": null,
        "single_land_image": 38,
        "bottom_button_text": "Submit your photo",
        "first_published_at": null,
        "search_description": "",
        "single_point_heading": "Town Hall Park !",
        "wagtail_admin_comments": [],
        "has_unpublished_changes": false,
        "single_page_point_images": [
          { "pk": 1, "page": 20, "image": 40, "sort_order": 0 },
          { "pk": 2, "page": 20, "image": 40, "sort_order": 1 },
          { "pk": 3, "page": 20, "image": 40, "sort_order": 2 },
          { "pk": 4, "page": 20, "image": 40, "sort_order": 3 }
        ],
        "single_point_description": "Lorem ipsum dolor sit amet, consectetur adipiscing elit, sed do eiusmod tempor incididunt ut labore et dolore magna aliqua.Lorem ipsum dolor sit amet, consectetur adipiscing elit, sed do eiusmod tempor incididunt ut labore et dolore magna aliqua.",
        "latest_revision_created_at": null,
        "single_point_description_image": 37
      },
      "approved_go_live_at": null
    }
  },
  {
    "model": "wagtailcore.revision",
    "pk": 23,
    "fields": {
      "content_type": 72,
      "base_content_type": 1,
      "object_id": "21",
      "created_at": "2024-11-20T11:23:29.994Z",
      "user": 1,
      "object_str": "history",
      "content": {
        "pk": 21,
        "body": "[]",
        "live": true,
        "path": "00010002000C",
        "slug": "history",
        "depth": 3,
        "owner": 1,
        "title": "history",
        "locale": 1,
        "locked": false,
        "search": null,
        "expired": false,
        "heading": "History of Harmony",
        "alias_of": null,
        "numchild": 0,
        "url_path": "/home/history/",
        "expire_at": null,
        "locked_at": null,
        "locked_by": null,
        "seo_title": "",
        "go_live_at": null,
        "cover_image": null,
        "draft_title": "history",
        "content_type": 72,
        "live_revision": null,
        "short_heading": "Some story or sentence here",
        "show_in_menus": false,
        "bottom_heading": "Share your story about Harmony",
        "latest_revision": null,
        "translation_key": "746f9d08-826e-4800-8bec-da1d7eaf1fae",
        "bottom_image_one": 32,
        "bottom_image_two": 31,
        "bottom_link_page": null,
        "last_published_at": null,
        "short_description": "Lorem ipsum dolor sit amet, consectetur adipiscing elit, sed do eiusmod tempor incididunt ut labore et dolore magna aliqua. Purus in mollis nunc sed id semper risus.",
        "bottom_button_text": "Share Story",
        "first_published_at": null,
        "search_description": "",
        "wagtail_admin_comments": [],
        "has_unpublished_changes": false,
        "latest_revision_created_at": null
      },
      "approved_go_live_at": null
    }
  },
  {
    "model": "wagtailcore.revision",
    "pk": 24,
    "fields": {
      "content_type": 73,
      "base_content_type": 1,
      "object_id": "22",
      "created_at": "2024-11-20T11:25:45.885Z",
      "user": 1,
      "object_str": "singel-history",
      "content": {
        "pk": 22,
        "body": "[]",
        "date": "2024-11-12",
        "live": true,
        "path": "00010002000C0001",
        "slug": "singel-history",
        "depth": 4,
        "image": 6,
        "owner": 1,
        "title": "singel-history",
        "locale": 1,
        "locked": false,
        "expired": false,
        "alias_of": null,
        "numchild": 0,
        "url_path": "/home/history/singel-history/",
        "expire_at": null,
        "locked_at": null,
        "locked_by": null,
        "seo_title": "",
        "go_live_at": null,
        "cover_image": null,
        "draft_title": "singel-history",
        "content_type": 73,
        "live_revision": null,
        "show_in_menus": false,
        "latest_revision": null,
        "translation_key": "e3299c3e-87e3-4c9a-9100-3033bcbdfc5f",
        "last_published_at": null,
        "first_published_at": null,
        "search_description": "",
        "wagtail_admin_comments": [],
        "has_unpublished_changes": false,
        "content_full_description": "Lorem ipsum dolor sit amet, consectetur adipiscing elit, sed do eiusmod tempor incididunt ut labore et dolore magna aliqua. Purus in mollis nunc sed id semper risus.",
        "content_short_description": "Long new titles can also be fit in to take space for two grid of background shape, so heres An example for that",
        "latest_revision_created_at": null
      },
      "approved_go_live_at": null
    }
  },
  {
    "model": "wagtailcore.revision",
    "pk": 25,
    "fields": {
      "content_type": 43,
      "base_content_type": 1,
      "object_id": "3",
      "created_at": "2024-11-22T22:01:47.041Z",
      "user": 2,
      "object_str": "home",
      "content": {
        "pk": 3,
        "body": "[]",
        "live": true,
        "path": "00010002",
        "slug": "home",
        "depth": 2,
        "owner": 1,
        "title": "home",
        "locale": 1,
        "locked": false,
        "notice": "Notice - Office block sewerage repair will be scheduled as 26th June, 2024 for 4 Days",
        "expired": false,
        "alias_of": null,
        "numchild": 12,
        "url_path": "/home/",
        "expire_at": null,
        "locked_at": null,
        "locked_by": null,
        "seo_title": "",
        "team_text": "We value the input of our community and the officials elected are in place to serve the people of Harmony to their best abilities.",
        "go_live_at": null,
        "home_parks": [
          {
            "pk": 1,
            "page": 3,
            "text": "Parks",
            "link_page": null,
            "sort_order": 0
          },
          {
            "pk": 2,
            "page": 3,
            "text": "Schools",
            "link_page": null,
            "sort_order": 1
          },
          {
            "pk": 3,
            "page": 3,
            "text": "Businesses",
            "link_page": null,
            "sort_order": 2
          },
          {
            "pk": 4,
            "page": 3,
            "text": "Community",
            "link_page": null,
            "sort_order": 3
          }
        ],
        "county_text": "Iredell County, North Carolina",
        "cover_image": null,
        "draft_title": "home",
        "img_gallery": null,
        "team_member": [],
        "content_type": 43,
        "heading_text": "Where harmony LIVES and SINGS !",
        "history_text": "Established at the camp meeting grounds back the town of Harmony was built on a community of people set on carrying traditions into the future",
        "news_heading": "Latest News",
        "park_bgimage": 17,
        "team_heading": "Your Public Servants Working to make Harmony, NC its best.",
        "event_heading": "Upcoming Events",
        "live_revision": 4,
        "show_in_menus": false,
        "team_link_page": null,
        "history_heading": "History of The town of Harmony",
        "home_page_links": [
          {
            "pk": 1,
            "page": 3,
            "image": 12,
            "link_page": null,
            "link_text": "Pay Sewer Bill",
            "sort_order": 0
          },
          {
            "pk": 2,
            "page": 3,
            "image": 13,
            "link_page": null,
            "link_text": "Business & Development",
            "sort_order": 1
          },
          {
            "pk": 3,
            "page": 3,
            "image": 14,
            "link_page": null,
            "link_text": "Points of  Interest",
            "sort_order": 2
          },
          {
            "pk": 4,
            "page": 3,
            "image": 15,
            "link_page": null,
            "link_text": "Agenda & Minutes",
            "sort_order": 3
          },
          {
            "pk": 5,
            "page": 3,
            "image": 16,
            "link_page": null,
            "link_text": "Emergency Services",
            "sort_order": 4
          }
        ],
        "latest_revision": 4,
        "translation_key": "d2b7a8aa-944a-4b8d-8a3a-ec21db5676a1",
        "history_bg_image": 18,
        "home_hero_images": [
          { "pk": 1, "page": 3, "image": 40, "sort_order": 0 },
          { "pk": 2, "page": 3, "image": 8, "sort_order": 1 },
          { "pk": 3, "page": 3, "image": 9, "sort_order": 2 },
          { "pk": 4, "page": 3, "image": 10, "sort_order": 3 },
          { "pk": 5, "page": 3, "image": 11, "sort_order": 4 }
        ],
        "news_button_text": "Read more",
        "quick_links_text": "Quick Links",
        "history_link_page": null,
        "last_published_at": "2024-11-20T09:36:39.199Z",
        "first_published_at": "2024-11-20T09:02:00Z",
        "hero_section_image": null,
        "page_links_bgimage": null,
        "search_description": "",
        "read_more_link_page": null,
        "more_event_link_page": null,
        "team_page_button_text": "See Officials",
        "wagtail_admin_comments": [],
        "has_unpublished_changes": false,
        "history_page_button_text": "Get the History",
        "latest_revision_created_at": "2024-11-20T09:36:38.859Z",
        "upcoming_event_button_text": "More Events"
      },
      "approved_go_live_at": null
    }
  },
  {
    "model": "wagtailcore.revision",
    "pk": 26,
    "fields": {
      "content_type": 87,
      "base_content_type": 1,
      "object_id": "18",
      "created_at": "2024-11-22T22:10:41.236Z",
      "user": 2,
      "object_str": "meeting-one",
      "content": {
        "pk": 18,
        "body": "[]",
        "live": true,
        "path": "00010002000A0001",
        "slug": "meeting-one",
        "depth": 4,
        "owner": 1,
        "title": "meeting-one",
        "locale": 1,
        "locked": false,
        "expired": false,
        "alias_of": null,
        "numchild": 0,
        "url_path": "/home/meeting-agendas/meeting-one/",
        "expire_at": null,
        "locked_at": null,
        "locked_by": null,
        "seo_title": "",
        "go_live_at": null,
        "draft_title": "meeting-one",
        "content_type": 87,
        "meeting_date": "2024-11-20",
        "meeting_type": "society",
        "live_revision": 20,
        "show_in_menus": false,
        "latest_revision": 20,
        "translation_key": "3abaf22e-aa93-48f1-8b02-61640da47549",
        "meeting_end_time": "18:00:00",
        "last_published_at": "2024-11-20T11:12:37.900Z",
        "first_published_at": "2024-11-20T11:12:37.900Z",
        "meeting_start_time": "16:00:00",
        "search_description": "",
        "meeting_description": "About the meeting, people whore joining, urgency of meeting anything about the meeting.\r\n\r\ndoes this break to paragraphs",
        "wagtail_admin_comments": [],
        "has_unpublished_changes": false,
        "latest_revision_created_at": "2024-11-20T11:12:37.614Z"
      },
      "approved_go_live_at": null
    }
  },
  {
    "model": "wagtailcore.revision",
    "pk": 27,
    "fields": {
      "content_type": 87,
      "base_content_type": 1,
      "object_id": "23",
      "created_at": "2024-11-22T22:21:30.850Z",
      "user": 2,
      "object_str": "meeting-two",
      "content": {
        "pk": 23,
        "body": "[]",
        "live": true,
        "path": "00010002000A0002",
        "slug": "meeting-two",
        "depth": 4,
        "owner": 2,
        "title": "meeting-two",
        "locale": 1,
        "locked": false,
        "expired": false,
        "alias_of": null,
        "numchild": 0,
        "url_path": "/home/meeting-agendas/meeting-two/",
        "expire_at": null,
        "locked_at": null,
        "locked_by": null,
        "seo_title": "",
        "go_live_at": null,
        "draft_title": "meeting-two",
        "content_type": 87,
        "meeting_date": "2024-11-02",
        "meeting_type": "gov",
        "live_revision": null,
        "show_in_menus": false,
        "latest_revision": null,
        "translation_key": "997c355c-8a91-45c5-9e95-4c385158eaab",
        "meeting_end_time": "16:00:00",
        "last_published_at": null,
        "first_published_at": null,
        "meeting_start_time": "15:00:00",
        "search_description": "",
        "meeting_description": "Testing how this works.",
        "wagtail_admin_comments": [],
        "has_unpublished_changes": false,
        "latest_revision_created_at": null
      },
      "approved_go_live_at": null
    }
  },
  {
    "model": "wagtailcore.revision",
    "pk": 28,
    "fields": {
      "content_type": 68,
      "base_content_type": 1,
      "object_id": "15",
      "created_at": "2024-11-22T22:41:17.185Z",
      "user": 2,
      "object_str": "events",
      "content": {
        "pk": 15,
        "body": "[]",
        "live": true,
        "path": "000100020009",
        "slug": "events",
        "depth": 3,
        "owner": 1,
        "title": "events",
        "locale": 1,
        "locked": false,
        "expired": false,
        "heading": "EVENTS",
        "alias_of": null,
        "numchild": 1,
        "url_path": "/home/events/",
        "expire_at": null,
        "link_page": null,
        "locked_at": null,
        "locked_by": null,
        "seo_title": "",
        "go_live_at": null,
        "button_text": "Event Details",
        "cover_image": null,
        "draft_title": "events",
        "content_type": 68,
        "live_revision": 17,
        "show_in_menus": false,
        "bottom_heading": "Do you want to hold an event in Harmony?",
        "latest_revision": 17,
        "translation_key": "55f6bd0a-f8c3-47db-bf1b-bd9cc6e6245c",
        "bottom_image_one": 32,
        "bottom_image_two": 31,
        "bottom_link_page": 6,
        "last_published_at": "2024-11-20T11:05:26.245Z",
        "bottom_button_text": "Contact us",
        "first_published_at": "2024-11-20T11:05:00Z",
        "search_description": "",
        "wagtail_admin_comments": [],
        "has_unpublished_changes": false,
        "latest_revision_created_at": "2024-11-20T11:05:26.181Z"
      },
      "approved_go_live_at": null
    }
  },
  {
    "model": "wagtailcore.revision",
    "pk": 29,
    "fields": {
      "content_type": 80,
      "base_content_type": 1,
      "object_id": "19",
      "created_at": "2024-11-22T22:47:53.341Z",
      "user": 2,
      "object_str": "Points of Interest",
      "content": {
        "pk": 19,
        "body": "[]",
        "live": true,
        "path": "00010002000B",
        "slug": "points-of-interests",
        "text": "Drop the pin to see location",
        "depth": 3,
        "owner": 1,
        "title": "Points of Interest",
        "locale": 1,
        "locked": false,
        "expired": false,
        "alias_of": null,
        "category": "schools",
        "numchild": 1,
        "url_path": "/home/points-of-interests/",
        "expire_at": null,
        "locked_at": null,
        "locked_by": null,
        "seo_title": "",
        "go_live_at": null,
        "cover_image": null,
        "draft_title": "points-of-interests",
        "content_type": 80,
        "live_revision": 21,
        "show_in_menus": false,
        "bottom_heading": "Submit your fun photo at any point of interested",
        "latest_revision": 21,
        "translation_key": "d590f98b-4a55-4e11-bd2d-4c27e6cbfb40",
        "bottom_image_one": 32,
        "bottom_image_two": 31,
        "bottom_link_page": null,
        "small_land_image": 36,
        "last_published_at": "2024-11-20T11:16:49.078Z",
        "bottom_button_text": "Submit your photo",
        "first_published_at": "2024-11-20T11:16:00Z",
        "search_description": "",
        "wagtail_admin_comments": [],
        "has_unpublished_changes": false,
        "latest_revision_created_at": "2024-11-20T11:16:48.827Z"
      },
      "approved_go_live_at": null
    }
  },
  {
    "model": "wagtailcore.grouppagepermission",
    "pk": 1,
    "fields": { "group": 1, "page": 1, "permission": 37 }
  },
  {
    "model": "wagtailcore.grouppagepermission",
    "pk": 2,
    "fields": { "group": 1, "page": 1, "permission": 38 }
  },
  {
    "model": "wagtailcore.grouppagepermission",
    "pk": 3,
    "fields": { "group": 1, "page": 1, "permission": 43 }
  },
  {
    "model": "wagtailcore.grouppagepermission",
    "pk": 4,
    "fields": { "group": 2, "page": 1, "permission": 37 }
  },
  {
    "model": "wagtailcore.grouppagepermission",
    "pk": 5,
    "fields": { "group": 2, "page": 1, "permission": 38 }
  },
  {
    "model": "wagtailcore.grouppagepermission",
    "pk": 6,
    "fields": { "group": 1, "page": 1, "permission": 42 }
  },
  {
    "model": "wagtailcore.grouppagepermission",
    "pk": 7,
    "fields": { "group": 1, "page": 1, "permission": 44 }
  },
  { "model": "wagtailcore.workflowpage", "pk": 1, "fields": { "workflow": 1 } },
  {
    "model": "wagtailcore.workflowu",
    "pk": 1,
    "fields": { "sort_order": 0, "workflow": 1, "task": 1 }
  },
  {
    "model": "wagtailcore.task",
    "pk": 1,
    "fields": {
      "name": "Moderators approval",
      "content_type": 3,
      "active": true
    }
  },
  {
    "model": "wagtailcore.workflow",
    "pk": 1,
    "fields": { "name": "Moderators approval", "active": true }
  },
  {
    "model": "wagtailcore.groupapprovaltask",
    "pk": 1,
    "fields": { "groups": [1] }
  },
  {
    "model": "wagtailcore.pagelogentry",
    "pk": 1,
    "fields": {
      "content_type": 1,
      "label": "Welcome to your new Wagtail site!",
      "action": "wagtail.edit",
      "data": {},
      "timestamp": "2024-11-20T09:01:48.880Z",
      "uuid": "819f6829-7c10-449e-bcdb-651fbd3b8ad8",
      "user": 1,
      "revision": 1,
      "content_changed": true,
      "deleted": false,
      "page": 2
    }
  },
  {
    "model": "wagtailcore.pagelogentry",
    "pk": 2,
    "fields": {
      "content_type": 1,
      "label": "Welcome to your new Wagtail site!",
      "action": "wagtail.publish",
      "data": {},
      "timestamp": "2024-11-20T09:01:49.968Z",
      "uuid": "819f6829-7c10-449e-bcdb-651fbd3b8ad8",
      "user": 1,
      "revision": 1,
      "content_changed": true,
      "deleted": false,
      "page": 2
    }
  },
  {
    "model": "wagtailcore.pagelogentry",
    "pk": 3,
    "fields": {
      "content_type": 43,
      "label": "home",
      "action": "wagtail.create",
      "data": {},
      "timestamp": "2024-11-20T09:02:46.365Z",
      "uuid": "9b54d0f8-5a0d-4fe0-afab-b3dace3bbe73",
      "user": 1,
      "revision": null,
      "content_changed": true,
      "deleted": false,
      "page": 3
    }
  },
  {
    "model": "wagtailcore.pagelogentry",
    "pk": 4,
    "fields": {
      "content_type": 43,
      "label": "home",
      "action": "wagtail.edit",
      "data": {},
      "timestamp": "2024-11-20T09:02:46.494Z",
      "uuid": "9b54d0f8-5a0d-4fe0-afab-b3dace3bbe73",
      "user": 1,
      "revision": 2,
      "content_changed": true,
      "deleted": false,
      "page": 3
    }
  },
  {
    "model": "wagtailcore.pagelogentry",
    "pk": 5,
    "fields": {
      "content_type": 43,
      "label": "home",
      "action": "wagtail.publish",
      "data": {},
      "timestamp": "2024-11-20T09:02:46.775Z",
      "uuid": "9b54d0f8-5a0d-4fe0-afab-b3dace3bbe73",
      "user": 1,
      "revision": 2,
      "content_changed": true,
      "deleted": false,
      "page": 3
    }
  },
  {
    "model": "wagtailcore.pagelogentry",
    "pk": 6,
    "fields": {
      "content_type": 1,
      "label": "Welcome to your new Wagtail site!",
      "action": "wagtail.delete",
      "data": {},
      "timestamp": "2024-11-20T09:22:59.099Z",
      "uuid": "5778bec5-ccc4-47b4-85e2-ca3c8d008eb7",
      "user": 1,
      "revision": null,
      "content_changed": false,
      "deleted": true,
      "page": 2
    }
  },
  {
    "model": "wagtailcore.pagelogentry",
    "pk": 7,
    "fields": {
      "content_type": 43,
      "label": "home",
      "action": "wagtail.edit",
      "data": {},
      "timestamp": "2024-11-20T09:27:16.813Z",
      "uuid": "2f43fb1e-2e00-4b96-9ce9-bddb9e8a86e7",
      "user": 1,
      "revision": 3,
      "content_changed": true,
      "deleted": false,
      "page": 3
    }
  },
  {
    "model": "wagtailcore.pagelogentry",
    "pk": 8,
    "fields": {
      "content_type": 43,
      "label": "home",
      "action": "wagtail.publish",
      "data": {},
      "timestamp": "2024-11-20T09:27:17.143Z",
      "uuid": "2f43fb1e-2e00-4b96-9ce9-bddb9e8a86e7",
      "user": 1,
      "revision": 3,
      "content_changed": true,
      "deleted": false,
      "page": 3
    }
  },
  {
    "model": "wagtailcore.pagelogentry",
    "pk": 9,
    "fields": {
      "content_type": 43,
      "label": "home",
      "action": "wagtail.edit",
      "data": {},
      "timestamp": "2024-11-20T09:36:38.956Z",
      "uuid": "f9a57d73-79b9-4d4a-b105-36a3358dbd5a",
      "user": 1,
      "revision": 4,
      "content_changed": true,
      "deleted": false,
      "page": 3
    }
  },
  {
    "model": "wagtailcore.pagelogentry",
    "pk": 10,
    "fields": {
      "content_type": 43,
      "label": "home",
      "action": "wagtail.publish",
      "data": {},
      "timestamp": "2024-11-20T09:36:39.555Z",
      "uuid": "f9a57d73-79b9-4d4a-b105-36a3358dbd5a",
      "user": 1,
      "revision": 4,
      "content_changed": true,
      "deleted": false,
      "page": 3
    }
  },
  {
    "model": "wagtailcore.pagelogentry",
    "pk": 11,
    "fields": {
      "content_type": 60,
      "label": "our-team",
      "action": "wagtail.create",
      "data": {},
      "timestamp": "2024-11-20T10:00:14.990Z",
      "uuid": "8e4aff1c-91ef-4a60-8769-67833adeee59",
      "user": 1,
      "revision": null,
      "content_changed": true,
      "deleted": false,
      "page": 4
    }
  },
  {
    "model": "wagtailcore.pagelogentry",
    "pk": 12,
    "fields": {
      "content_type": 60,
      "label": "our-team",
      "action": "wagtail.edit",
      "data": {},
      "timestamp": "2024-11-20T10:00:15.173Z",
      "uuid": "8e4aff1c-91ef-4a60-8769-67833adeee59",
      "user": 1,
      "revision": 5,
      "content_changed": true,
      "deleted": false,
      "page": 4
    }
  },
  {
    "model": "wagtailcore.pagelogentry",
    "pk": 13,
    "fields": {
      "content_type": 60,
      "label": "our-team",
      "action": "wagtail.publish",
      "data": {},
      "timestamp": "2024-11-20T10:00:15.359Z",
      "uuid": "8e4aff1c-91ef-4a60-8769-67833adeee59",
      "user": 1,
      "revision": 5,
      "content_changed": true,
      "deleted": false,
      "page": 4
    }
  },
  {
    "model": "wagtailcore.pagelogentry",
    "pk": 14,
    "fields": {
      "content_type": 62,
      "label": "business-development",
      "action": "wagtail.create",
      "data": {},
      "timestamp": "2024-11-20T10:33:53.877Z",
      "uuid": "654c0847-9754-455a-a5f2-8266bbebd72b",
      "user": 1,
      "revision": null,
      "content_changed": true,
      "deleted": false,
      "page": 5
    }
  },
  {
    "model": "wagtailcore.pagelogentry",
    "pk": 15,
    "fields": {
      "content_type": 62,
      "label": "business-development",
      "action": "wagtail.edit",
      "data": {},
      "timestamp": "2024-11-20T10:33:54.019Z",
      "uuid": "654c0847-9754-455a-a5f2-8266bbebd72b",
      "user": 1,
      "revision": 6,
      "content_changed": true,
      "deleted": false,
      "page": 5
    }
  },
  {
    "model": "wagtailcore.pagelogentry",
    "pk": 16,
    "fields": {
      "content_type": 62,
      "label": "business-development",
      "action": "wagtail.publish",
      "data": {},
      "timestamp": "2024-11-20T10:33:54.592Z",
      "uuid": "654c0847-9754-455a-a5f2-8266bbebd72b",
      "user": 1,
      "revision": 6,
      "content_changed": true,
      "deleted": false,
      "page": 5
    }
  },
  {
    "model": "wagtailcore.pagelogentry",
    "pk": 17,
    "fields": {
      "content_type": 57,
      "label": "contacts",
      "action": "wagtail.create",
      "data": {},
      "timestamp": "2024-11-20T10:37:33.680Z",
      "uuid": "ef82c6ae-e617-44ba-a786-bb5b018c1dc7",
      "user": 1,
      "revision": null,
      "content_changed": true,
      "deleted": false,
      "page": 6
    }
  },
  {
    "model": "wagtailcore.pagelogentry",
    "pk": 18,
    "fields": {
      "content_type": 57,
      "label": "contacts",
      "action": "wagtail.edit",
      "data": {},
      "timestamp": "2024-11-20T10:37:33.953Z",
      "uuid": "ef82c6ae-e617-44ba-a786-bb5b018c1dc7",
      "user": 1,
      "revision": 7,
      "content_changed": true,
      "deleted": false,
      "page": 6
    }
  },
  {
    "model": "wagtailcore.pagelogentry",
    "pk": 19,
    "fields": {
      "content_type": 57,
      "label": "contacts",
      "action": "wagtail.publish",
      "data": {},
      "timestamp": "2024-11-20T10:37:34.326Z",
      "uuid": "ef82c6ae-e617-44ba-a786-bb5b018c1dc7",
      "user": 1,
      "revision": 7,
      "content_changed": true,
      "deleted": false,
      "page": 6
    }
  },
  {
    "model": "wagtailcore.pagelogentry",
    "pk": 20,
    "fields": {
      "content_type": 85,
      "label": "emergency-service",
      "action": "wagtail.create",
      "data": {},
      "timestamp": "2024-11-20T10:41:26.550Z",
      "uuid": "907b9203-6847-490e-8504-8c571b64edd9",
      "user": 1,
      "revision": null,
      "content_changed": true,
      "deleted": false,
      "page": 7
    }
  },
  {
    "model": "wagtailcore.pagelogentry",
    "pk": 21,
    "fields": {
      "content_type": 85,
      "label": "emergency-service",
      "action": "wagtail.edit",
      "data": {},
      "timestamp": "2024-11-20T10:41:26.790Z",
      "uuid": "907b9203-6847-490e-8504-8c571b64edd9",
      "user": 1,
      "revision": 8,
      "content_changed": true,
      "deleted": false,
      "page": 7
    }
  },
  {
    "model": "wagtailcore.pagelogentry",
    "pk": 22,
    "fields": {
      "content_type": 85,
      "label": "emergency-service",
      "action": "wagtail.publish",
      "data": {},
      "timestamp": "2024-11-20T10:41:27.161Z",
      "uuid": "907b9203-6847-490e-8504-8c571b64edd9",
      "user": 1,
      "revision": 8,
      "content_changed": true,
      "deleted": false,
      "page": 7
    }
  },
  {
    "model": "wagtailcore.pagelogentry",
    "pk": 23,
    "fields": {
      "content_type": 49,
      "label": "lands",
      "action": "wagtail.create",
      "data": {},
      "timestamp": "2024-11-20T10:44:54.008Z",
      "uuid": "6d72a983-d356-4256-82cf-01a8a7263f9c",
      "user": 1,
      "revision": null,
      "content_changed": true,
      "deleted": false,
      "page": 8
    }
  },
  {
    "model": "wagtailcore.pagelogentry",
    "pk": 24,
    "fields": {
      "content_type": 49,
      "label": "lands",
      "action": "wagtail.edit",
      "data": {},
      "timestamp": "2024-11-20T10:44:54.115Z",
      "uuid": "6d72a983-d356-4256-82cf-01a8a7263f9c",
      "user": 1,
      "revision": 9,
      "content_changed": true,
      "deleted": false,
      "page": 8
    }
  },
  {
    "model": "wagtailcore.pagelogentry",
    "pk": 25,
    "fields": {
      "content_type": 49,
      "label": "lands",
      "action": "wagtail.publish",
      "data": {},
      "timestamp": "2024-11-20T10:44:54.386Z",
      "uuid": "6d72a983-d356-4256-82cf-01a8a7263f9c",
      "user": 1,
      "revision": 9,
      "content_changed": true,
      "deleted": false,
      "page": 8
    }
  },
  {
    "model": "wagtailcore.pagelogentry",
    "pk": 26,
    "fields": {
      "content_type": 76,
      "label": "elections",
      "action": "wagtail.create",
      "data": {},
      "timestamp": "2024-11-20T10:47:38.829Z",
      "uuid": "bd0b11aa-245d-4cfb-b385-718c0a6dbdc3",
      "user": 1,
      "revision": null,
      "content_changed": true,
      "deleted": false,
      "page": 9
    }
  },
  {
    "model": "wagtailcore.pagelogentry",
    "pk": 27,
    "fields": {
      "content_type": 76,
      "label": "elections",
      "action": "wagtail.edit",
      "data": {},
      "timestamp": "2024-11-20T10:47:39.053Z",
      "uuid": "bd0b11aa-245d-4cfb-b385-718c0a6dbdc3",
      "user": 1,
      "revision": 10,
      "content_changed": true,
      "deleted": false,
      "page": 9
    }
  },
  {
    "model": "wagtailcore.pagelogentry",
    "pk": 28,
    "fields": {
      "content_type": 76,
      "label": "elections",
      "action": "wagtail.publish",
      "data": {},
      "timestamp": "2024-11-20T10:47:39.298Z",
      "uuid": "bd0b11aa-245d-4cfb-b385-718c0a6dbdc3",
      "user": 1,
      "revision": 10,
      "content_changed": true,
      "deleted": false,
      "page": 9
    }
  },
  {
    "model": "wagtailcore.pagelogentry",
    "pk": 29,
    "fields": {
      "content_type": 77,
      "label": "single-election",
      "action": "wagtail.create",
      "data": {},
      "timestamp": "2024-11-20T10:51:13.869Z",
      "uuid": "1a1a51db-8822-4bdb-afb0-eedba416c54e",
      "user": 1,
      "revision": null,
      "content_changed": true,
      "deleted": false,
      "page": 10
    }
  },
  {
    "model": "wagtailcore.pagelogentry",
    "pk": 30,
    "fields": {
      "content_type": 77,
      "label": "single-election",
      "action": "wagtail.edit",
      "data": {},
      "timestamp": "2024-11-20T10:51:14.119Z",
      "uuid": "1a1a51db-8822-4bdb-afb0-eedba416c54e",
      "user": 1,
      "revision": 11,
      "content_changed": true,
      "deleted": false,
      "page": 10
    }
  },
  {
    "model": "wagtailcore.pagelogentry",
    "pk": 31,
    "fields": {
      "content_type": 77,
      "label": "single-election",
      "action": "wagtail.publish",
      "data": {},
      "timestamp": "2024-11-20T10:51:14.509Z",
      "uuid": "1a1a51db-8822-4bdb-afb0-eedba416c54e",
      "user": 1,
      "revision": 11,
      "content_changed": true,
      "deleted": false,
      "page": 10
    }
  },
  {
    "model": "wagtailcore.pagelogentry",
    "pk": 32,
    "fields": {
      "content_type": 55,
      "label": "news",
      "action": "wagtail.create",
      "data": {},
      "timestamp": "2024-11-20T10:56:26.975Z",
      "uuid": "525f80cb-d5ab-4564-9670-b71e3f7f7b92",
      "user": 1,
      "revision": null,
      "content_changed": true,
      "deleted": false,
      "page": 11
    }
  },
  {
    "model": "wagtailcore.pagelogentry",
    "pk": 33,
    "fields": {
      "content_type": 55,
      "label": "news",
      "action": "wagtail.edit",
      "data": {},
      "timestamp": "2024-11-20T10:56:27.045Z",
      "uuid": "525f80cb-d5ab-4564-9670-b71e3f7f7b92",
      "user": 1,
      "revision": 12,
      "content_changed": true,
      "deleted": false,
      "page": 11
    }
  },
  {
    "model": "wagtailcore.pagelogentry",
    "pk": 34,
    "fields": {
      "content_type": 55,
      "label": "news",
      "action": "wagtail.publish",
      "data": {},
      "timestamp": "2024-11-20T10:56:27.144Z",
      "uuid": "525f80cb-d5ab-4564-9670-b71e3f7f7b92",
      "user": 1,
      "revision": 12,
      "content_changed": true,
      "deleted": false,
      "page": 11
    }
  },
  {
    "model": "wagtailcore.pagelogentry",
    "pk": 35,
    "fields": {
      "content_type": 54,
      "label": "single-news",
      "action": "wagtail.create",
      "data": {},
      "timestamp": "2024-11-20T11:00:39.583Z",
      "uuid": "99b83491-c323-4233-924d-ae19a720d9c0",
      "user": 1,
      "revision": null,
      "content_changed": true,
      "deleted": false,
      "page": 12
    }
  },
  {
    "model": "wagtailcore.pagelogentry",
    "pk": 36,
    "fields": {
      "content_type": 54,
      "label": "single-news",
      "action": "wagtail.edit",
      "data": {},
      "timestamp": "2024-11-20T11:00:39.917Z",
      "uuid": "99b83491-c323-4233-924d-ae19a720d9c0",
      "user": 1,
      "revision": 13,
      "content_changed": true,
      "deleted": false,
      "page": 12
    }
  },
  {
    "model": "wagtailcore.pagelogentry",
    "pk": 37,
    "fields": {
      "content_type": 54,
      "label": "single-news",
      "action": "wagtail.publish",
      "data": {},
      "timestamp": "2024-11-20T11:00:40.419Z",
      "uuid": "99b83491-c323-4233-924d-ae19a720d9c0",
      "user": 1,
      "revision": 13,
      "content_changed": true,
      "deleted": false,
      "page": 12
    }
  },
  {
    "model": "wagtailcore.pagelogentry",
    "pk": 38,
    "fields": {
      "content_type": 71,
      "label": "Permits",
      "action": "wagtail.create",
      "data": {},
      "timestamp": "2024-11-20T11:01:50.310Z",
      "uuid": "c48da131-f1f6-4a3e-acc4-754a423b18da",
      "user": 1,
      "revision": null,
      "content_changed": true,
      "deleted": false,
      "page": 13
    }
  },
  {
    "model": "wagtailcore.pagelogentry",
    "pk": 39,
    "fields": {
      "content_type": 71,
      "label": "Permits",
      "action": "wagtail.edit",
      "data": {},
      "timestamp": "2024-11-20T11:01:50.760Z",
      "uuid": "c48da131-f1f6-4a3e-acc4-754a423b18da",
      "user": 1,
      "revision": 14,
      "content_changed": true,
      "deleted": false,
      "page": 13
    }
  },
  {
    "model": "wagtailcore.pagelogentry",
    "pk": 40,
    "fields": {
      "content_type": 71,
      "label": "Permits",
      "action": "wagtail.publish",
      "data": {},
      "timestamp": "2024-11-20T11:01:51.197Z",
      "uuid": "c48da131-f1f6-4a3e-acc4-754a423b18da",
      "user": 1,
      "revision": 14,
      "content_changed": true,
      "deleted": false,
      "page": 13
    }
  },
  {
    "model": "wagtailcore.pagelogentry",
    "pk": 41,
    "fields": {
      "content_type": 71,
      "label": "Permits",
      "action": "wagtail.edit",
      "data": {},
      "timestamp": "2024-11-20T11:02:48.292Z",
      "uuid": "4de00ef0-2547-4e61-a0c9-908e0a38395f",
      "user": 1,
      "revision": 15,
      "content_changed": true,
      "deleted": false,
      "page": 13
    }
  },
  {
    "model": "wagtailcore.pagelogentry",
    "pk": 42,
    "fields": {
      "content_type": 71,
      "label": "business-permits",
      "action": "wagtail.rename",
      "data": { "title": { "new": "business-permits", "old": "Permits" } },
      "timestamp": "2024-11-20T11:02:48.374Z",
      "uuid": "4de00ef0-2547-4e61-a0c9-908e0a38395f",
      "user": 1,
      "revision": 15,
      "content_changed": false,
      "deleted": false,
      "page": 13
    }
  },
  {
    "model": "wagtailcore.pagelogentry",
    "pk": 43,
    "fields": {
      "content_type": 71,
      "label": "business-permits",
      "action": "wagtail.publish",
      "data": { "title": { "new": "business-permits", "old": "Permits" } },
      "timestamp": "2024-11-20T11:02:48.383Z",
      "uuid": "4de00ef0-2547-4e61-a0c9-908e0a38395f",
      "user": 1,
      "revision": 15,
      "content_changed": true,
      "deleted": false,
      "page": 13
    }
  },
  {
    "model": "wagtailcore.pagelogentry",
    "pk": 44,
    "fields": {
      "content_type": 69,
      "label": "single-business-permit",
      "action": "wagtail.create",
      "data": {},
      "timestamp": "2024-11-20T11:03:55.425Z",
      "uuid": "2929d182-95f4-47b5-a263-d2c134edce65",
      "user": 1,
      "revision": null,
      "content_changed": true,
      "deleted": false,
      "page": 14
    }
  },
  {
    "model": "wagtailcore.pagelogentry",
    "pk": 45,
    "fields": {
      "content_type": 69,
      "label": "single-business-permit",
      "action": "wagtail.edit",
      "data": {},
      "timestamp": "2024-11-20T11:03:56.941Z",
      "uuid": "2929d182-95f4-47b5-a263-d2c134edce65",
      "user": 1,
      "revision": 16,
      "content_changed": true,
      "deleted": false,
      "page": 14
    }
  },
  {
    "model": "wagtailcore.pagelogentry",
    "pk": 46,
    "fields": {
      "content_type": 69,
      "label": "single-business-permit",
      "action": "wagtail.publish",
      "data": {},
      "timestamp": "2024-11-20T11:03:57.473Z",
      "uuid": "2929d182-95f4-47b5-a263-d2c134edce65",
      "user": 1,
      "revision": 16,
      "content_changed": true,
      "deleted": false,
      "page": 14
    }
  },
  {
    "model": "wagtailcore.pagelogentry",
    "pk": 47,
    "fields": {
      "content_type": 68,
      "label": "events",
      "action": "wagtail.create",
      "data": {},
      "timestamp": "2024-11-20T11:05:26.151Z",
      "uuid": "35f2bd02-aec6-4294-9b97-d923595b37ba",
      "user": 1,
      "revision": null,
      "content_changed": true,
      "deleted": false,
      "page": 15
    }
  },
  {
    "model": "wagtailcore.pagelogentry",
    "pk": 48,
    "fields": {
      "content_type": 68,
      "label": "events",
      "action": "wagtail.edit",
      "data": {},
      "timestamp": "2024-11-20T11:05:26.212Z",
      "uuid": "35f2bd02-aec6-4294-9b97-d923595b37ba",
      "user": 1,
      "revision": 17,
      "content_changed": true,
      "deleted": false,
      "page": 15
    }
  },
  {
    "model": "wagtailcore.pagelogentry",
    "pk": 49,
    "fields": {
      "content_type": 68,
      "label": "events",
      "action": "wagtail.publish",
      "data": {},
      "timestamp": "2024-11-20T11:05:30.301Z",
      "uuid": "35f2bd02-aec6-4294-9b97-d923595b37ba",
      "user": 1,
      "revision": 17,
      "content_changed": true,
      "deleted": false,
      "page": 15
    }
  },
  {
    "model": "wagtailcore.pagelogentry",
    "pk": 50,
    "fields": {
      "content_type": 66,
      "label": "single-event",
      "action": "wagtail.create",
      "data": {},
      "timestamp": "2024-11-20T11:08:39.744Z",
      "uuid": "a2661af5-77db-4232-aeb8-970b659653aa",
      "user": 1,
      "revision": null,
      "content_changed": true,
      "deleted": false,
      "page": 16
    }
  },
  {
    "model": "wagtailcore.pagelogentry",
    "pk": 51,
    "fields": {
      "content_type": 66,
      "label": "single-event",
      "action": "wagtail.edit",
      "data": {},
      "timestamp": "2024-11-20T11:08:39.786Z",
      "uuid": "a2661af5-77db-4232-aeb8-970b659653aa",
      "user": 1,
      "revision": 18,
      "content_changed": true,
      "deleted": false,
      "page": 16
    }
  },
  {
    "model": "wagtailcore.pagelogentry",
    "pk": 52,
    "fields": {
      "content_type": 66,
      "label": "single-event",
      "action": "wagtail.publish",
      "data": {},
      "timestamp": "2024-11-20T11:08:39.877Z",
      "uuid": "a2661af5-77db-4232-aeb8-970b659653aa",
      "user": 1,
      "revision": 18,
      "content_changed": true,
      "deleted": false,
      "page": 16
    }
  },
  {
    "model": "wagtailcore.pagelogentry",
    "pk": 53,
    "fields": {
      "content_type": 88,
      "label": "meeting-agendas",
      "action": "wagtail.create",
      "data": {},
      "timestamp": "2024-11-20T11:10:45.095Z",
      "uuid": "884e0df8-18b6-4bc7-b4bb-5f7badee7ba1",
      "user": 1,
      "revision": null,
      "content_changed": true,
      "deleted": false,
      "page": 17
    }
  },
  {
    "model": "wagtailcore.pagelogentry",
    "pk": 54,
    "fields": {
      "content_type": 88,
      "label": "meeting-agendas",
      "action": "wagtail.edit",
      "data": {},
      "timestamp": "2024-11-20T11:10:45.437Z",
      "uuid": "884e0df8-18b6-4bc7-b4bb-5f7badee7ba1",
      "user": 1,
      "revision": 19,
      "content_changed": true,
      "deleted": false,
      "page": 17
    }
  },
  {
    "model": "wagtailcore.pagelogentry",
    "pk": 55,
    "fields": {
      "content_type": 88,
      "label": "meeting-agendas",
      "action": "wagtail.publish",
      "data": {},
      "timestamp": "2024-11-20T11:10:45.795Z",
      "uuid": "884e0df8-18b6-4bc7-b4bb-5f7badee7ba1",
      "user": 1,
      "revision": 19,
      "content_changed": true,
      "deleted": false,
      "page": 17
    }
  },
  {
    "model": "wagtailcore.pagelogentry",
    "pk": 56,
    "fields": {
      "content_type": 87,
      "label": "meeting-one",
      "action": "wagtail.create",
      "data": {},
      "timestamp": "2024-11-20T11:12:37.517Z",
      "uuid": "3504547d-2e6d-493e-a3c0-70f7db6b5665",
      "user": 1,
      "revision": null,
      "content_changed": true,
      "deleted": false,
      "page": 18
    }
  },
  {
    "model": "wagtailcore.pagelogentry",
    "pk": 57,
    "fields": {
      "content_type": 87,
      "label": "meeting-one",
      "action": "wagtail.edit",
      "data": {},
      "timestamp": "2024-11-20T11:12:37.748Z",
      "uuid": "3504547d-2e6d-493e-a3c0-70f7db6b5665",
      "user": 1,
      "revision": 20,
      "content_changed": true,
      "deleted": false,
      "page": 18
    }
  },
  {
    "model": "wagtailcore.pagelogentry",
    "pk": 58,
    "fields": {
      "content_type": 87,
      "label": "meeting-one",
      "action": "wagtail.publish",
      "data": {},
      "timestamp": "2024-11-20T11:12:37.994Z",
      "uuid": "3504547d-2e6d-493e-a3c0-70f7db6b5665",
      "user": 1,
      "revision": 20,
      "content_changed": true,
      "deleted": false,
      "page": 18
    }
  },
  {
    "model": "wagtailcore.pagelogentry",
    "pk": 59,
    "fields": {
      "content_type": 80,
      "label": "points-of-interests",
      "action": "wagtail.create",
      "data": {},
      "timestamp": "2024-11-20T11:16:48.764Z",
      "uuid": "fbbaf9e7-5df9-4f6d-802f-9209b2a34bde",
      "user": 1,
      "revision": null,
      "content_changed": true,
      "deleted": false,
      "page": 19
    }
  },
  {
    "model": "wagtailcore.pagelogentry",
    "pk": 60,
    "fields": {
      "content_type": 80,
      "label": "points-of-interests",
      "action": "wagtail.edit",
      "data": {},
      "timestamp": "2024-11-20T11:16:48.888Z",
      "uuid": "fbbaf9e7-5df9-4f6d-802f-9209b2a34bde",
      "user": 1,
      "revision": 21,
      "content_changed": true,
      "deleted": false,
      "page": 19
    }
  },
  {
    "model": "wagtailcore.pagelogentry",
    "pk": 61,
    "fields": {
      "content_type": 80,
      "label": "points-of-interests",
      "action": "wagtail.publish",
      "data": {},
      "timestamp": "2024-11-20T11:16:50.054Z",
      "uuid": "fbbaf9e7-5df9-4f6d-802f-9209b2a34bde",
      "user": 1,
      "revision": 21,
      "content_changed": true,
      "deleted": false,
      "page": 19
    }
  },
  {
    "model": "wagtailcore.pagelogentry",
    "pk": 62,
    "fields": {
      "content_type": 83,
      "label": "single-points-of-interest",
      "action": "wagtail.create",
      "data": {},
      "timestamp": "2024-11-20T11:21:17.870Z",
      "uuid": "97e04ffa-299c-406d-9cf3-49e7cf00a84f",
      "user": 1,
      "revision": null,
      "content_changed": true,
      "deleted": false,
      "page": 20
    }
  },
  {
    "model": "wagtailcore.pagelogentry",
    "pk": 63,
    "fields": {
      "content_type": 83,
      "label": "single-points-of-interest",
      "action": "wagtail.edit",
      "data": {},
      "timestamp": "2024-11-20T11:21:17.934Z",
      "uuid": "97e04ffa-299c-406d-9cf3-49e7cf00a84f",
      "user": 1,
      "revision": 22,
      "content_changed": true,
      "deleted": false,
      "page": 20
    }
  },
  {
    "model": "wagtailcore.pagelogentry",
    "pk": 64,
    "fields": {
      "content_type": 83,
      "label": "single-points-of-interest",
      "action": "wagtail.publish",
      "data": {},
      "timestamp": "2024-11-20T11:21:18.171Z",
      "uuid": "97e04ffa-299c-406d-9cf3-49e7cf00a84f",
      "user": 1,
      "revision": 22,
      "content_changed": true,
      "deleted": false,
      "page": 20
    }
  },
  {
    "model": "wagtailcore.pagelogentry",
    "pk": 65,
    "fields": {
      "content_type": 72,
      "label": "history",
      "action": "wagtail.create",
      "data": {},
      "timestamp": "2024-11-20T11:23:29.718Z",
      "uuid": "8d7aa9eb-7549-40a3-b981-c0b40d2d629b",
      "user": 1,
      "revision": null,
      "content_changed": true,
      "deleted": false,
      "page": 21
    }
  },
  {
    "model": "wagtailcore.pagelogentry",
    "pk": 66,
    "fields": {
      "content_type": 72,
      "label": "history",
      "action": "wagtail.edit",
      "data": {},
      "timestamp": "2024-11-20T11:23:31.301Z",
      "uuid": "8d7aa9eb-7549-40a3-b981-c0b40d2d629b",
      "user": 1,
      "revision": 23,
      "content_changed": true,
      "deleted": false,
      "page": 21
    }
  },
  {
    "model": "wagtailcore.pagelogentry",
    "pk": 67,
    "fields": {
      "content_type": 72,
      "label": "history",
      "action": "wagtail.publish",
      "data": {},
      "timestamp": "2024-11-20T11:23:31.785Z",
      "uuid": "8d7aa9eb-7549-40a3-b981-c0b40d2d629b",
      "user": 1,
      "revision": 23,
      "content_changed": true,
      "deleted": false,
      "page": 21
    }
  },
  {
    "model": "wagtailcore.pagelogentry",
    "pk": 68,
    "fields": {
      "content_type": 73,
      "label": "singel-history",
      "action": "wagtail.create",
      "data": {},
      "timestamp": "2024-11-20T11:25:45.674Z",
      "uuid": "3c6c6e06-f1b0-46c1-8217-10845fcd9eed",
      "user": 1,
      "revision": null,
      "content_changed": true,
      "deleted": false,
      "page": 22
    }
  },
  {
    "model": "wagtailcore.pagelogentry",
    "pk": 69,
    "fields": {
      "content_type": 73,
      "label": "singel-history",
      "action": "wagtail.edit",
      "data": {},
      "timestamp": "2024-11-20T11:25:45.933Z",
      "uuid": "3c6c6e06-f1b0-46c1-8217-10845fcd9eed",
      "user": 1,
      "revision": 24,
      "content_changed": true,
      "deleted": false,
      "page": 22
    }
  },
  {
    "model": "wagtailcore.pagelogentry",
    "pk": 70,
    "fields": {
      "content_type": 73,
      "label": "singel-history",
      "action": "wagtail.publish",
      "data": {},
      "timestamp": "2024-11-20T11:25:46.264Z",
      "uuid": "3c6c6e06-f1b0-46c1-8217-10845fcd9eed",
      "user": 1,
      "revision": 24,
      "content_changed": true,
      "deleted": false,
      "page": 22
    }
  },
  {
    "model": "wagtailcore.pagelogentry",
    "pk": 71,
    "fields": {
      "content_type": 43,
      "label": "home",
      "action": "wagtail.edit",
      "data": {},
      "timestamp": "2024-11-22T22:01:48.067Z",
      "uuid": "451d93dc-9445-4bf4-84a9-35a4ad25851a",
      "user": 2,
      "revision": 25,
      "content_changed": true,
      "deleted": false,
      "page": 3
    }
  },
  {
    "model": "wagtailcore.pagelogentry",
    "pk": 72,
    "fields": {
      "content_type": 43,
      "label": "home",
      "action": "wagtail.publish",
      "data": {},
      "timestamp": "2024-11-22T22:01:50.746Z",
      "uuid": "451d93dc-9445-4bf4-84a9-35a4ad25851a",
      "user": 2,
      "revision": 25,
      "content_changed": true,
      "deleted": false,
      "page": 3
    }
  },
  {
    "model": "wagtailcore.pagelogentry",
    "pk": 73,
    "fields": {
      "content_type": 87,
      "label": "meeting-one",
      "action": "wagtail.edit",
      "data": {},
      "timestamp": "2024-11-22T22:10:41.490Z",
      "uuid": "b1a6b43d-9c32-4ee6-acc3-a96ab6c43e13",
      "user": 2,
      "revision": 26,
      "content_changed": true,
      "deleted": false,
      "page": 18
    }
  },
  {
    "model": "wagtailcore.pagelogentry",
    "pk": 74,
    "fields": {
      "content_type": 87,
      "label": "meeting-one",
      "action": "wagtail.publish",
      "data": {},
      "timestamp": "2024-11-22T22:10:42.325Z",
      "uuid": "b1a6b43d-9c32-4ee6-acc3-a96ab6c43e13",
      "user": 2,
      "revision": 26,
      "content_changed": true,
      "deleted": false,
      "page": 18
    }
  },
  {
    "model": "wagtailcore.pagelogentry",
    "pk": 75,
    "fields": {
      "content_type": 87,
      "label": "meeting-two",
      "action": "wagtail.create",
      "data": {},
      "timestamp": "2024-11-22T22:21:30.799Z",
      "uuid": "53e09c31-b7a4-4461-8bb6-f2b4de0d253a",
      "user": 2,
      "revision": null,
      "content_changed": true,
      "deleted": false,
      "page": 23
    }
  },
  {
    "model": "wagtailcore.pagelogentry",
    "pk": 76,
    "fields": {
      "content_type": 87,
      "label": "meeting-two",
      "action": "wagtail.edit",
      "data": {},
      "timestamp": "2024-11-22T22:21:31.067Z",
      "uuid": "53e09c31-b7a4-4461-8bb6-f2b4de0d253a",
      "user": 2,
      "revision": 27,
      "content_changed": true,
      "deleted": false,
      "page": 23
    }
  },
  {
    "model": "wagtailcore.pagelogentry",
    "pk": 77,
    "fields": {
      "content_type": 87,
      "label": "meeting-two",
      "action": "wagtail.publish",
      "data": {},
      "timestamp": "2024-11-22T22:21:31.458Z",
      "uuid": "53e09c31-b7a4-4461-8bb6-f2b4de0d253a",
      "user": 2,
      "revision": 27,
      "content_changed": true,
      "deleted": false,
      "page": 23
    }
  },
  {
    "model": "wagtailcore.pagelogentry",
    "pk": 78,
    "fields": {
      "content_type": 68,
      "label": "events",
      "action": "wagtail.edit",
      "data": {},
      "timestamp": "2024-11-22T22:41:17.397Z",
      "uuid": "b42a0fd2-00b1-4150-b5f2-686f8f86f25b",
      "user": 2,
      "revision": 28,
      "content_changed": true,
      "deleted": false,
      "page": 15
    }
  },
  {
    "model": "wagtailcore.pagelogentry",
    "pk": 79,
    "fields": {
      "content_type": 68,
      "label": "events",
      "action": "wagtail.publish",
      "data": {},
      "timestamp": "2024-11-22T22:41:18.198Z",
      "uuid": "b42a0fd2-00b1-4150-b5f2-686f8f86f25b",
      "user": 2,
      "revision": 28,
      "content_changed": true,
      "deleted": false,
      "page": 15
    }
  },
  {
    "model": "wagtailcore.pagelogentry",
    "pk": 80,
    "fields": {
      "content_type": 80,
      "label": "points-of-interests",
      "action": "wagtail.edit",
      "data": {},
      "timestamp": "2024-11-22T22:47:53.401Z",
      "uuid": "ae2d4771-1790-4034-ba02-7a3fc2de922b",
      "user": 2,
      "revision": 29,
      "content_changed": true,
      "deleted": false,
      "page": 19
    }
  },
  {
    "model": "wagtailcore.pagelogentry",
    "pk": 81,
    "fields": {
      "content_type": 80,
      "label": "Points of Interest",
      "action": "wagtail.rename",
      "data": {
        "title": { "new": "Points of Interest", "old": "points-of-interests" }
      },
      "timestamp": "2024-11-22T22:47:53.641Z",
      "uuid": "ae2d4771-1790-4034-ba02-7a3fc2de922b",
      "user": 2,
      "revision": 29,
      "content_changed": false,
      "deleted": false,
      "page": 19
    }
  },
  {
    "model": "wagtailcore.pagelogentry",
    "pk": 82,
    "fields": {
      "content_type": 80,
      "label": "Points of Interest",
      "action": "wagtail.publish",
      "data": {
        "title": { "new": "Points of Interest", "old": "points-of-interests" }
      },
      "timestamp": "2024-11-22T22:47:53.670Z",
      "uuid": "ae2d4771-1790-4034-ba02-7a3fc2de922b",
      "user": 2,
      "revision": 29,
      "content_changed": true,
      "deleted": false,
      "page": 19
    }
  },
  {
    "model": "wagtailcore.pagesubscription",
    "pk": 2,
    "fields": { "user": 1, "page": 3, "comment_notifications": true }
  },
  {
    "model": "wagtailcore.pagesubscription",
    "pk": 3,
    "fields": { "user": 1, "page": 4, "comment_notifications": true }
  },
  {
    "model": "wagtailcore.pagesubscription",
    "pk": 4,
    "fields": { "user": 1, "page": 5, "comment_notifications": true }
  },
  {
    "model": "wagtailcore.pagesubscription",
    "pk": 5,
    "fields": { "user": 1, "page": 6, "comment_notifications": true }
  },
  {
    "model": "wagtailcore.pagesubscription",
    "pk": 6,
    "fields": { "user": 1, "page": 7, "comment_notifications": true }
  },
  {
    "model": "wagtailcore.pagesubscription",
    "pk": 7,
    "fields": { "user": 1, "page": 8, "comment_notifications": true }
  },
  {
    "model": "wagtailcore.pagesubscription",
    "pk": 8,
    "fields": { "user": 1, "page": 9, "comment_notifications": true }
  },
  {
    "model": "wagtailcore.pagesubscription",
    "pk": 9,
    "fields": { "user": 1, "page": 10, "comment_notifications": true }
  },
  {
    "model": "wagtailcore.pagesubscription",
    "pk": 10,
    "fields": { "user": 1, "page": 11, "comment_notifications": true }
  },
  {
    "model": "wagtailcore.pagesubscription",
    "pk": 11,
    "fields": { "user": 1, "page": 12, "comment_notifications": true }
  },
  {
    "model": "wagtailcore.pagesubscription",
    "pk": 12,
    "fields": { "user": 1, "page": 13, "comment_notifications": true }
  },
  {
    "model": "wagtailcore.pagesubscription",
    "pk": 13,
    "fields": { "user": 1, "page": 14, "comment_notifications": true }
  },
  {
    "model": "wagtailcore.pagesubscription",
    "pk": 14,
    "fields": { "user": 1, "page": 15, "comment_notifications": true }
  },
  {
    "model": "wagtailcore.pagesubscription",
    "pk": 15,
    "fields": { "user": 1, "page": 16, "comment_notifications": true }
  },
  {
    "model": "wagtailcore.pagesubscription",
    "pk": 16,
    "fields": { "user": 1, "page": 17, "comment_notifications": true }
  },
  {
    "model": "wagtailcore.pagesubscription",
    "pk": 17,
    "fields": { "user": 1, "page": 18, "comment_notifications": true }
  },
  {
    "model": "wagtailcore.pagesubscription",
    "pk": 18,
    "fields": { "user": 1, "page": 19, "comment_notifications": true }
  },
  {
    "model": "wagtailcore.pagesubscription",
    "pk": 19,
    "fields": { "user": 1, "page": 20, "comment_notifications": true }
  },
  {
    "model": "wagtailcore.pagesubscription",
    "pk": 20,
    "fields": { "user": 1, "page": 21, "comment_notifications": true }
  },
  {
    "model": "wagtailcore.pagesubscription",
    "pk": 21,
    "fields": { "user": 1, "page": 22, "comment_notifications": true }
  },
  {
    "model": "wagtailcore.pagesubscription",
    "pk": 22,
    "fields": { "user": 2, "page": 4, "comment_notifications": false }
  },
  {
    "model": "wagtailcore.pagesubscription",
    "pk": 23,
    "fields": { "user": 2, "page": 8, "comment_notifications": false }
  },
  {
    "model": "wagtailcore.pagesubscription",
    "pk": 24,
    "fields": { "user": 2, "page": 3, "comment_notifications": false }
  },
  {
    "model": "wagtailcore.pagesubscription",
    "pk": 25,
    "fields": { "user": 2, "page": 18, "comment_notifications": false }
  },
  {
    "model": "wagtailcore.pagesubscription",
    "pk": 26,
    "fields": { "user": 2, "page": 17, "comment_notifications": false }
  },
  {
    "model": "wagtailcore.pagesubscription",
    "pk": 27,
    "fields": { "user": 2, "page": 23, "comment_notifications": true }
  },
  {
    "model": "wagtailcore.pagesubscription",
    "pk": 28,
    "fields": { "user": 2, "page": 19, "comment_notifications": false }
  },
  {
    "model": "wagtailcore.pagesubscription",
    "pk": 29,
    "fields": { "user": 2, "page": 20, "comment_notifications": false }
  },
  {
    "model": "wagtailcore.pagesubscription",
    "pk": 30,
    "fields": { "user": 2, "page": 15, "comment_notifications": false }
  },
  {
    "model": "wagtailcore.pagesubscription",
    "pk": 31,
    "fields": { "user": 2, "page": 16, "comment_notifications": false }
  },
  {
    "model": "auth.group",
    "pk": 1,
    "fields": {
      "name": "Moderators",
      "permissions": [105, 106, 107, 109, 108, 1, 2, 3]
    }
  },
  {
    "model": "auth.group",
    "pk": 2,
    "fields": {
      "name": "Editors",
      "permissions": [105, 106, 107, 109, 108, 1, 2, 3]
    }
  },
  {
    "model": "auth.user",
    "pk": 1,
    "fields": {
      "password": "pbkdf2_sha256$870000$hSCL5laJBa3R2PNws1bK0u$a81jX0qyDnCW43RAL6dAZCUKcnUCGoY2T47ClcGSFTE=",
      "last_login": "2024-11-21T07:17:46.694Z",
      "is_superuser": true,
      "username": "sajal",
      "first_name": "",
      "last_name": "",
      "email": "",
      "is_staff": true,
      "is_active": true,
      "date_joined": "2024-11-20T08:47:18.117Z",
      "groups": [],
      "user_permissions": []
    }
  },
  {
    "model": "auth.user",
    "pk": 2,
    "fields": {
      "password": "pbkdf2_sha256$870000$ef4U9rAk2VwKwmlxOOe1mX$gZ4YieND/J+mbFCIZPXb6GKPj1dq8GikFeNFIlGgzvw=",
      "last_login": "2024-11-22T21:56:15.875Z",
      "is_superuser": true,
      "username": "amrit",
      "first_name": "",
      "last_name": "",
      "email": "amrit@example.com",
      "is_staff": true,
      "is_active": true,
      "date_joined": "2024-11-22T19:26:16.325Z",
      "groups": [],
      "user_permissions": []
    }
  },
  {
    "model": "sessions.session",
    "pk": "3ywtaxsd02v60r6y39lfijddpv66134o",
    "fields": {
      "session_data": ".eJzVWulz4joS_19SFb7oQfnielV8ICEHGSAHOSbZekUJW2AltuXIMoTZ2v99Wz7ABpmZ3aqtt_Nlxqjb6lafv5bzz5MZjoU7iyPCZ9Q5-fPEOPmjuDbH9gcJJMF5x8GSNWwWCE7nDcnSyKhRY8wc4p1lvKUNXBy58DbGeruF7XarudCaTa3TaTbn81a3vWjqerOlL4hFWk1jYeudLtG6TcPQ7GbTMJtmR2tqjk3kphGJIsqCGfkKKd-c_Kn9cbLGS4GpVw85WVGyrpsnf_7jxI74wqeO45E15kQwUKq3bD2z9vRd_3qcjC_Jh_b8GfQfyJPOXu3vNxfuLadt7brTfbym9Nvt5-VX-ya44m3Pe2uOB093w4daQL5Eryao8EjPZT6pzZmzqdssDkRPqwVMUJv0Jsl_qI5uFwv5MPeY_YEisiYcLwniJMSUozX1PDQnKLJd4sQecRCOkNESLrqJA3JqnCNDMyy0YBxZaIA3US0Rs5kJqcOQE7C1h86TNck9YRzePceceTTANZdghwbLlPvFJZwgF3OfBRs0Gj5fTBEOHDQdTq6m6NTQa_IwM-BiM-qDklH98faxP5pd3j6Mp73mIXk4GT4OjzGMh5PZ5GmcMWgKhv73AoOuaQoerZ489Cw1zekpFNfqtw-Diwc1aXAxuni86B2S9ExSR0lyeoZqPRWkJFUKMjJBXSXJ6Zmq9VSQklQpyMwE6QrbmVKSpVpPJSlJlZKsXJLC5JaUpAgPK5OkJOWSQvg9g2j-iGbzZSqj9hlT-yNbTGL7Xi6gkVxI99q9pQriAlUZwwW6MoSL9IoILrDkAawbCpL8Pz3DHd6gqawP6AyqQhVrmBhAIWKbB6XlUhqUKCVPFih5EuimgrTT9iyOaABVGApHCw3Iings9Ekgql5S611Mq9JyKatKlCq985zSLQWpYGVGAxEhtkBoGAioiNGhysYxlYsJWlou5WeJUqXyNjsPw84sqNxfQivFiaHHNIgFOYxx85jGxUQvLZfyvESp0nib5S0FaafxhU84KG3LgOYraH-HGlvHNC4WjNJyqV6UKLtywT-2hUJv55x8rxBYRUK5BpRIFenPj2Y-TxIsS2q-K0m8Io35QQZzVfJyVd7yJCkSWVPbZcyLyhS1tHLecVXKcVW28SSeSwWARGWiWmA5a7gqYbgqV3gSjonAc-b7cUDFpkxTyyvHPFeFOy9FekDW0SzDS70RhiQTaAJrKWEeCwFwM9HjAZiQzzipcXiayadZQQkohYHY7vQU2syHB3Qhl6NanP2epWzFfcewUc6WbJqyFM9HI8H4BsJ7lsV3Z7uWC7xOf8sC9-gSJNg6kM_XKezbsqdpGgk892jkStwpkAB-G_sh8gkRUuclB2DpREhi-4S6txtaA1qdx9QTiAUIIzv3kOQJCQs9QLYkIdqY843cU3DQUwB2jxAUYpZsu4hFDObMdUvyumiZK5Iql51ty1gwjSDY39rglcUc3cVwNDspQFhW_BfGPxIFGPLxB8nPkKDmc0TF6YVx2tFOu104Eji_kW6ZImeCVtiLSaIEDcJYyANKIbsTSyQtyUzCfYq9CBGP2EJalsuXUOhhW1oQLMJX6VaZiQoGTQ0Cg4FUAeE59cBWJMqUOTDMlJB0vpACU56CTSIvXqYDSkTYLJ1X4BFz2505JLI5DaUjejBTrOTMl2IreSQZg6Vyqe2Wy8WyQNgvlTtCqVDWFpRHYhbGWeTNsOjJIaeu63VDQ1r31OxrRm3J4CgrIqm1ZMpLHk_-0NumYepGp9NpdM1Ws6W1_jqc_TpVs9_EFPcvT1_aZDR_tTdk4NjiPlzdjj7vh8b4fPD8uriM1jiYfsdXL963HzhciZc3BpPpdzr8PrFeS7OfBz6PysNfHoEQMQuZOxAkaehKf55qg1OtH4VMJAPdhsV5MKYUiACySd6AiBAQ5EhKkIOZ_H8mX5wtCJa5sgdqD-n7sPaQY99dCo7DBnfIlPW5EZPANeQsJByyQeAv6Asq7jTKTPVWSQtUEfJOqKLlFfyQlvXFM5lLyeSNQhoST7YtJfcR3bKGqSLkfVNFq9Yt66KG9dVGl4BCXSimAEcTlJdUDg5ZDZaM4jD0NsoNjqibtVsVIe-6Klq1umbRzbHI6pKS8YhaWVdWEfLmrKJVq2VlVmxq6GOD0RWnTpJbEbMpESqzWcf0y3CnipAjTxUt12-_Z_WjCDoVDmxS2y_Lae34jeqyrkFdtqyf1eVWu9NodzpaW1GVraqqrOHo4_Ny8TwQ_fMvTTxehk_0xjWeg3X3FS_Gnbl_8aI9NyeTabN_Zd9-Pgyf2DsWi9fBzYX36cxLVRnacl12wr1bOeyT3uPtywTdXl4Oz8FQ02Kxxp6XogIowUi-nVbk9RYzLAlUcS5jK6XkeKror5efcac_RoDtfETDKPaRwzwZrRR6vU-ExCI2ICOJGyC0EKgX0siWe0LVSsgRAAqHIULjyGeAOIgfwgY0sKlDHTgq5CZ0jbmEkhCAyfYETrYMMJyRfsa4AcCIxxJ8AYb1wNUoiAM72RdyJ4L9QHFOozhqoAG1BSgZSPxWVAsRDnARTAqosVGL4nmOvGZgvt5Fhnt2wKTIIdas98w8UJUQLm8PLtEUShzjAk0FXixqWNa7LZQ7IxCu4J9gC6dyqJQDrRo4fIeOQPuIBXujnopjf-ZT8exnjpLnsEmq2LZ3QN0KchKgNwC0K-icQWxnNpgdPbtWh6Ck4PEkKC8Zh2Ec3UGLoY68n6l8ZRvH2StWU7joqTFt7F6WEfjIYxgRIE5cHNEfBHAuxAbMNLYcF9bCTaJUcAZBS32fLnmiBwoZoHFoGZIssXIfRFBb-jUgfLmBeHRISOAfqJaNKhNKeKAm5QBBTc0LtIqat31D7Tg99cw37GMPy-CD3KhgTFy0ymN7FqVhXcFc9NGz_EBw3EN6yUOpGlBf7BjmbzlfyYaHPUQ-Y5p-CYAE8oRry-GDEyhE_tbytgcHFjDquThYkgaauuTUaEfpJCZ7AFoQOCxJmM88OfsNA4fioL71WVlhtbsyxKQm5ZhJTT3mrhz2GGpfG6m7zhkPiIde5O2emu3X88ko-Wq4jVOBzsFC1AFbVr-3ddmdSz0WsVD2BWlYbAu6AnQgvfKSDHvOitny3iEFMJsIajskVeq8xHeOw-VnL0isUAKD1M8c2zTyt75lHGJOepcGC5hYIZmS2ZNJvGZXGVRCRTUpB4tq6jE_5TjQUDvZzAqe_P41FYQGFVz_QU6ZJT9dcUICdIflNLKNVJkix51mlpzWh6SAfeqC-vJqJHtRGjvRuZiAJFhRKHoSWYGQ9ziSn_8k55g4NElD6da-5-Wu4sSJk9buSzCNOUB9GVewUmVPp6JN7cCzmqqCp33ZZdGErQ-Q6RY__W7gFDrvT8Bp2-g24FFrGR0FPNXbVfg0EIP-y9m3-_tPNzC9d9ftf7jPk9HV47fRMAjP-5vLO3v90B9qd2PP_rq4FY8fwerK1uIHj2365qCET7PLtTpObvX37g8yYuYjyI1xuhDtKJuQ9PLxZs7Ao7t7LwBQGxSHMkbRmkIrTvCmrOvyJhOgVnq7KCtCjl-zHRI3JujNNMprEq-Zehoa-6r_NEL-x0Fx3N2m0Ww1Onqn27IMlbsrL4mENz-_fX3stOjr6v3t08L02_O1Y2yM6WvTpPHDxVdAGLnRltdCRPPRmX_2TXdbYjp424yIeH5Suhtsu_WhdFAhfLfrMCtyMZPFpqe30ojOSWDwjNApE0rxsBVQrGHz_A4qo8oClN08rl22vfaECvXOaJAxxNn3G7bY3gbjYCPc5GF_x3J0yJP-n0eGZVgN0zS1dtNURUa3KjKuvj2wT-4Q6-3-dbzoWnft8Zn5url5_mEN-GrtP7yYmnZttgjzXp55fKZ_jq8HD2_m-uri_fzqe1iKjN2XyO2HyFItSGrAgLMwvSuGpE0ujwnyJE4AO9YigGneLLmRyC41WjUJIZaMb3pR9jVov0bEcx_GzY28vV7EAA1cBtvCOAfuBZwAKkmNaKYRcX65QmRrpevpgqxETs6033MSuVGdLeq54N_rbkSHnNRbP4m6ZtvsNHSrqeuqcmRoVUG3-RguOjd3vj0ihn7-Mv3RwfMnGlojd_G2bM2Nm_XTw_DtEjD7jYZv3XDEsRvP75nP7i65e94sBZ2Ejx6pHxq8GHt6-kNOhR6BGNgtMAh-DnbKfibFJ_V4viRBf9fqzudNeN2AfyxIsnpH1-b1rmFi3MTWXHdaOXvyXSW9xNtbSrYWARgInMw3ZWoaO6WlmHu9_yZnDjMmtdEssdE2bx7lp69reU8kP-kmfy5V4isG5998w_M3i6-0S16k2jlHsXJ1tq8l2DV5V_FXaFY12_6NTiXjftJXMx7e7VTyFv5K7RiPzKUj9Pwa4whLjuYrWfRf0CQbzo_Q8wn9CMtPNTF-QZNs_DxCz2fQIyw_1cT8BU2yCesIPR-zjrBsZ63foOtW94LfrfdCMT7ee1vQdxutrqlrVvuvf_0bkPoDaA:1tEcYz:SyyATbInaJQNjDqHbtOxxPC1GduNFviKkJCkofMlN-I",
      "expire_date": "2024-12-06T22:55:45.694Z"
    }
  },
  {
    "model": "sessions.session",
    "pk": "kuwjqjxgxl5wn7t5hzrxxx7om83v6flq",
    "fields": {
      "session_data": ".eJxVjEEOwiAQRe_C2pABHUq7dO8ZyACDRQ2Y0iYa4921SRe6_e_99xKOlnl0S-PJ5SgGocXud_MUrlxWEC9UzlWGWuYpe7kqcqNNnmrk23Fz_wIjtfH7JlKdodAZTIAI1iJ6b_ouoVJoVOIDG9QpKNsz9Kg1BES9x70FhBh4jTZuLdfi-HHP01MM8P4AUn499A:1tEZIZ:t97eXcwzo8hWhIGBQAeWZO82HU6-U2L8Jej2HVNakhM",
      "expire_date": "2024-12-06T19:26:35.197Z"
    }
  },
  {
    "model": "sessions.session",
    "pk": "vogk995icwqvl5xfkx9rwzr1ticsjdaw",
    "fields": {
      "session_data": ".eJxVjEsOwjAMBe-SNYqSpnU_S_acIXJslwZQgppWAiHuDpW6gO2befNSHtdl8muR2UdWg7Lq8LsFpKukDfAF0zlrymmZY9Cbonda9Cmz3I67-xeYsEzfd8c8IhkngaRvkNux6YOrgARdYwnFjnVngOq-AuDWGJEamCGQs64F3KJFSok5eXnc4_xUg3l_ANJUP_o:1tDgaL:AExIJCouFfwCQER6RjVTMQtiqXzLHdzktpAsgpo5YxA",
      "expire_date": "2024-12-04T09:01:17.166Z"
    }
  },
  {
    "model": "sessions.session",
    "pk": "wfrkdlexqrr6rbkdw2hb5jxp41rtzah7",
    "fields": {
      "session_data": ".eJxVjEsOwjAMBe-SNYqSpnU_S_acIXJslwZQgppWAiHuDpW6gO2befNSHtdl8muR2UdWg7Lq8LsFpKukDfAF0zlrymmZY9Cbonda9Cmz3I67-xeYsEzfd8c8IhkngaRvkNux6YOrgARdYwnFjnVngOq-AuDWGJEamCGQs64F3KJFSok5eXnc4_xUg3l_ANJUP_o:1tDgSA:sdy5ZmMZzQUc_kCtykUPhttplS8-QmDDIUc-0zP_5vc",
      "expire_date": "2024-12-04T08:52:50.422Z"
    }
  },
  {
    "model": "sessions.session",
    "pk": "wpovla762mz2kyg5z9exdne1ufuz1rg5",
    "fields": {
      "session_data": ".eJzVVdFy4jYU_Rdm4hfFjCVjMJnxQzawmzSBBMKmKZ0dj7AuICJbjiUH3E7_vbIJKTSLN9OXzj7Zvufo3qPrc6U_GyHN9TLMFWQhZ42zBmmc7sdmNHqCpATYiiYL2YxkojM-a5aU5iuqmgPJQHx65R4kWFK1NKspxZ02jTptb-54nuP7njebtbuduYex18ZzaEHbI_MI-11wuh4hTuR5xPVc3_EcFkGZVIFSXCYhbFKeFY0z57SxpgtNubDTDF44rG3cbZz93ohUNo85YwLWNAMtjarg2b2ePoyeJ8NxcXF_ce3-mj7djbrnn0mGc794HPTF-NrfTNfaXQ2nwCfFyvkyjMmlFhfTy3WurAQ2OrA01wKCO8kTrZCco6tEQwZKWzPJCjuSeaIDx9Ilt5fJFOkloJQnSEukAJCQEdVmD5aKqRChoAkLeUwXELhty0CwkFkRqGgppVAmp9YyDpdAGU8WwX0-i7lGhcwzNM8TlC6lSUs1okmB0lJSqYi_KgK2W18VCGViipDDmF7LwMW72Cw3jySsxO_XqursSIInT2FaKraUyBdBVVfZcm7vCitLgQy3jTKvNIuWIQMVZTwttx5YkXwp3VZt23zEMZQZJreT85vw8-14cG86-Ba-Gl5Nrr4HDK6G4fDr4DvA-eMeYM15pnSY5jPB1RJYSHVAHNKyMbaJgzA-cc9x21pIs7MXKFGr8lf12jjFHZe42Os4raZjjOv7_rf3riPOMdf9Mr_tYBh87SWjWEjPiVdUf1nJ66JQ3U1ysXrcPNzDg9is_vi0UU5v9BsbPfXWo8FUuf226E4PXKeMCQTY7zu-bz68_XBsM5BgTPBPQGYMMtOo109dpBBsf_kuxFnQcVuMtHDHpox07RZj5m0Wgc3mLTJz2iSKXH9Hf6EiB7uyi35T8Rau0uvENMn86aw4RLcGOgjlmQj-y-C8H5ttn8KqT2_DM5HrBF2ateiOZk_ohOBD3r5Db2QGMeKpymPEpJAZUmYWaAz6hFwgcwIqiDRoMxomd8pVZBIhELyCFTCzCAHPVSwZ0hCnJgFPIs44M38I5RoJOjMlEOhtekBmJwlFVPDnnDb_5_JH-7I7qTo7xv7x5b8tKw-W7doKOpzs1nHa4aTXEP89-ceJBycBdpwarnF_tZFWPaecpxr8dtzrj-spvf5Nf9IPjlPwB5TgUgmpw7dKaik_VEI-oISUStw6fKuklvJDJe4HlLilkhrbuK9Kaik7JT_D1Xv8PvjZLmBzGNdfwO0WcZtOFxPiffvrbyWa0i0:1tEcdT:_ltgSbNwI2H7E_LTMDoPidwU7NX3PdQx69KwkcBVMpc",
      "expire_date": "2024-12-06T23:00:23.093Z"
    }
  },
  {
    "model": "sessions.session",
    "pk": "yz4jm27us0e1fpho4zq9jhlnxhkx5ke0",
    "fields": {
      "session_data": ".eJxVjEsOwjAMBe-SNYqSpnU_S_acIXJslwZQgppWAiHuDpW6gO2befNSHtdl8muR2UdWg7Lq8LsFpKukDfAF0zlrymmZY9Cbonda9Cmz3I67-xeYsEzfd8c8IhkngaRvkNux6YOrgARdYwnFjnVngOq-AuDWGJEamCGQs64F3KJFSok5eXnc4_xUg3l_ANJUP_o:1tE1Ri:jGPTIMqc7Hfws4U4Pr4C3z9A0M_dI-cF2BmKVEFk-5w",
      "expire_date": "2024-12-05T07:17:46.725Z"
    }
  },
  {
    "model": "home.homepage",
    "pk": 3,
    "fields": {
      "cover_image": null,
      "body": "[]",
      "notice": "Notice - Office block sewerage repair will be scheduled as 26th June, 2024 for 4 Days",
      "county_text": "Iredell County, North Carolina",
      "heading_text": "Where harmony LIVES and SINGS !",
      "hero_section_image": null,
      "img_gallery": null,
      "quick_links_text": "Quick Links",
      "page_links_bgimage": null,
      "park_bgimage": 17,
      "news_heading": "Latest News",
      "news_button_text": "Read more",
      "read_more_link_page": null,
      "event_heading": "Upcoming Events",
      "upcoming_event_button_text": "More Events",
      "more_event_link_page": null,
      "history_bg_image": 18,
      "history_heading": "History of The town of Harmony",
      "history_text": "Established at the camp meeting grounds back the town of Harmony was built on a community of people set on carrying traditions into the future",
      "history_page_button_text": "Get the History",
      "history_link_page": null,
      "team_heading": "Your Public Servants Working to make Harmony, NC its best.",
      "team_text": "We value the input of our community and the officials elected are in place to serve the people of Harmony to their best abilities.",
      "team_page_button_text": "See Officials",
      "team_link_page": null
    }
  },
  {
    "model": "home.parkslist",
    "pk": 1,
    "fields": { "sort_order": 0, "page": 3, "text": "Parks", "link_page": null }
  },
  {
    "model": "home.parkslist",
    "pk": 2,
    "fields": {
      "sort_order": 1,
      "page": 3,
      "text": "Schools",
      "link_page": null
    }
  },
  {
    "model": "home.parkslist",
    "pk": 3,
    "fields": {
      "sort_order": 2,
      "page": 3,
      "text": "Businesses",
      "link_page": null
    }
  },
  {
    "model": "home.parkslist",
    "pk": 4,
    "fields": {
      "sort_order": 3,
      "page": 3,
      "text": "Community",
      "link_page": null
    }
  },
  {
    "model": "home.heroimages",
    "pk": 1,
    "fields": { "sort_order": 0, "page": 3, "image": 40 }
  },
  {
    "model": "home.heroimages",
    "pk": 2,
    "fields": { "sort_order": 1, "page": 3, "image": 8 }
  },
  {
    "model": "home.heroimages",
    "pk": 3,
    "fields": { "sort_order": 2, "page": 3, "image": 9 }
  },
  {
    "model": "home.heroimages",
    "pk": 4,
    "fields": { "sort_order": 3, "page": 3, "image": 10 }
  },
  {
    "model": "home.heroimages",
    "pk": 5,
    "fields": { "sort_order": 4, "page": 3, "image": 11 }
  },
  {
    "model": "home.homepagelinks",
    "pk": 1,
    "fields": {
      "sort_order": 0,
      "page": 3,
      "image": 12,
      "link_text": "Pay Sewer Bill",
      "link_page": null
    }
  },
  {
    "model": "home.homepagelinks",
    "pk": 2,
    "fields": {
      "sort_order": 1,
      "page": 3,
      "image": 13,
      "link_text": "Business & Development",
      "link_page": null
    }
  },
  {
    "model": "home.homepagelinks",
    "pk": 3,
    "fields": {
      "sort_order": 2,
      "page": 3,
      "image": 14,
      "link_text": "Points of  Interest",
      "link_page": null
    }
  },
  {
    "model": "home.homepagelinks",
    "pk": 4,
    "fields": {
      "sort_order": 3,
      "page": 3,
      "image": 15,
      "link_text": "Agenda & Minutes",
      "link_page": null
    }
  },
  {
    "model": "home.homepagelinks",
    "pk": 5,
    "fields": {
      "sort_order": 4,
      "page": 3,
      "image": 16,
      "link_text": "Emergency Services",
      "link_page": null
    }
  },
  {
    "model": "conf.navigationsettings",
    "pk": 1,
    "fields": {
      "site": 1,
      "favicon": null,
      "logo": 2,
      "header_logo_page_link": 3,
      "footer_logo": 1,
      "footer_logo_page_link": 3,
      "footer_seal": null,
      "hamburger": "[{\"id\": \"c6ab8c1f-8983-499c-af6d-57a7ddd1cef0\", \"type\": \"element\", \"value\": {\"category\": \"Agenda & Minutes\", \"children\": [{\"id\": \"5c3f4af6-9e1c-4f96-b2b9-637582bce772\", \"type\": \"navpages\", \"value\": {\"page\": 17, \"title\": \"Meetings Minutes\"}}], \"icon_image\": 3}}, {\"id\": \"b29ae6de-95bf-4e50-a15b-403304535c4b\", \"type\": \"element\", \"value\": {\"category\": \"Points of Interest\", \"children\": [{\"id\": \"36231105-cecf-426a-8c32-60be63d024cf\", \"type\": \"navpages\", \"value\": {\"page\": null, \"title\": \"Explore\"}}, {\"id\": \"35d0218f-2e90-4fee-a05d-a1b6e6182196\", \"type\": \"navpages\", \"value\": {\"page\": 15, \"title\": \"Events\"}}, {\"id\": \"22b28e7e-c64c-4c66-b09b-3f205d4a8f8e\", \"type\": \"navpages\", \"value\": {\"page\": 5, \"title\": \"Businesses\"}}, {\"id\": \"3f67f249-531c-4db1-9e13-fb3433b42709\", \"type\": \"navpages\", \"value\": {\"page\": 6, \"title\": \"Move To Harmony\"}}], \"icon_image\": 4}}, {\"id\": \"8a8acfe3-088f-4c51-bf03-c1a937d56c8f\", \"type\": \"element\", \"value\": {\"category\": \"Town\", \"children\": [{\"id\": \"0459abaa-d953-4f43-8a07-d69a5d6709a6\", \"type\": \"navpages\", \"value\": {\"page\": null, \"title\": \"Town Officials\"}}, {\"id\": \"0ae008c8-0317-4949-bde3-f59bbeebba1c\", \"type\": \"navpages\", \"value\": {\"page\": 21, \"title\": \"History\"}}, {\"id\": \"5230d582-5e63-4ba0-97fb-f0dfe560493d\", \"type\": \"navpages\", \"value\": {\"page\": 11, \"title\": \"News\"}}], \"icon_image\": 5}}]",
      "footer": "[{\"id\": \"d33aab5f-5d4a-419b-9096-0cabf96e7b14\", \"type\": \"element\", \"value\": {\"children\": [{\"id\": \"3e99068b-523d-4906-98ba-29aa72e7bb43\", \"type\": \"navpages\", \"value\": {\"page\": 3, \"title\": \"Pay Sewer Bill\"}}, {\"id\": \"16c50cab-0e95-44b5-a057-4d9484eef801\", \"type\": \"navpages\", \"value\": {\"page\": 17, \"title\": \"Agenda & Minutes\"}}, {\"id\": \"0f5d7af1-fbdd-4c93-84af-d9aa09ccb0e2\", \"type\": \"navpages\", \"value\": {\"page\": 5, \"title\": \"Business & Development\"}}, {\"id\": \"d8d47957-1c45-40d0-8b71-0ea0450afde6\", \"type\": \"navpages\", \"value\": {\"page\": 7, \"title\": \"Emergency Services\"}}], \"section_name\": \"section one\"}}, {\"id\": \"b054cf44-0b5d-4c15-bf7b-67ac2d6c1563\", \"type\": \"element\", \"value\": {\"children\": [{\"id\": \"feb84813-2094-4936-bddd-f4561de0d78a\", \"type\": \"navpages\", \"value\": {\"page\": null, \"title\": \"About us\"}}, {\"id\": \"7939e7ce-79b1-4429-a43f-3819beb9b878\", \"type\": \"navpages\", \"value\": {\"page\": 15, \"title\": \"Events\"}}, {\"id\": \"ff1f6ae4-497f-4fd8-b9a9-9fc578f9249b\", \"type\": \"navpages\", \"value\": {\"page\": 11, \"title\": \"News\"}}, {\"id\": \"3b82fe96-47b4-4be1-9905-7a788690a1f6\", \"type\": \"navpages\", \"value\": {\"page\": 6, \"title\": \"Contact us\"}}], \"section_name\": \"section two\"}}]",
      "social_link": "[{\"id\": \"8efc40e1-ecf5-4d81-b087-925e8564caa0\", \"type\": \"element\", \"value\": {\"url\": \"https://www.instagram.com/\", \"icon\": \"bi bi-instagram\"}}, {\"id\": \"b42e9dc6-521e-475e-ad9a-3eb6f287441b\", \"type\": \"element\", \"value\": {\"url\": \"https://www.facebook.com/\", \"icon\": \"bi bi-facebook\"}}, {\"id\": \"5b00bcb0-f8b9-4250-a6a7-a3169814123d\", \"type\": \"element\", \"value\": {\"url\": \"https://www.youtube.com/\", \"icon\": \"bi bi-youtube\"}}]",
      "office_address": "3389 Harmony Hwy Harmony, NC 28634",
      "phone_number": "704-546-2339"
    }
  },
  {
    "model": "land.landpage",
    "pk": 8,
    "fields": {
      "cover_image": null,
      "body": "[]",
      "heading": "We found out the best\r\nspot for you to make\r\nmoney out of this land!",
      "button_text": "Get Assistance",
      "link_page": null
    }
  },
  {
    "model": "land.spotfeature",
    "pk": 1,
    "fields": {
      "sort_order": 0,
      "page": 8,
      "image": 30,
      "text": "Lower property taxes"
    }
  },
  {
    "model": "land.spotfeature",
    "pk": 2,
    "fields": {
      "sort_order": 1,
      "page": 8,
      "image": 30,
      "text": "Best sewer pipelines"
    }
  },
  {
    "model": "land.spotfeature",
    "pk": 3,
    "fields": {
      "sort_order": 2,
      "page": 8,
      "image": 30,
      "text": "24x7 Fresh water & electricity supply"
    }
  },
  {
    "model": "land.spotfeature",
    "pk": 4,
    "fields": {
      "sort_order": 3,
      "page": 8,
      "image": 30,
      "text": "Lower utilities"
    }
  },
  {
    "model": "land.spotfeature",
    "pk": 5,
    "fields": {
      "sort_order": 4,
      "page": 8,
      "image": 30,
      "text": "250 kya Grid for society"
    }
  },
  {
    "model": "news.newspage",
    "pk": 11,
    "fields": {
      "cover_image": null,
      "body": "[]",
      "name": "NEWS",
      "button_text": "Read more",
      "link_page": null,
      "bottom_heading": "Read history of the town of Harmony",
      "bottom_image_one": 31,
      "bottom_image_two": 32,
      "bottom_button_text": "Read more",
      "bottom_link_page": null
    }
  },
  {
    "model": "news.newsdetailpage",
    "pk": 12,
    "fields": {
      "cover_image": null,
      "body": "[]",
      "news_bg_image": 33,
      "name": "LATEST NEWS",
      "date": "2024-11-27",
      "heading": "There will be the latest news title and can be little longer to take full space..",
      "any_headline_heading": "",
      "any_headline_sort_description": "Any Headline here",
      "main_headline_text": "Latest News Headline here",
      "main_headline_description": "Lorem ipsum dolor sit amet, consectetur adipiscing elit, sed do eiusmod tempor incididunt ut labore et dolore magna aliqua. Purus in mollis nunc sed id semper risus. Dictum non consectetur a erat nam at. Odio ut sem nulla pharetra diam sit amet nisl. Nec tincidunt praesent semper feugiat nibh sed. Vel facilisis volutpat est velit egestas dui id. Amet mattis vulputate enim nulla.",
      "main_headline_image": 35,
      "bottom_heading": "Read history of the town of Harmony",
      "bottom_image_one": 32,
      "bottom_image_two": 31,
      "bottom_button_text": "History",
      "bottom_link_page": null
    }
  },
  {
    "model": "news.newspageimages",
    "pk": 1,
    "fields": {
      "sort_order": 0,
      "image_title": "Any Picture title",
      "page": 12,
      "image": 34
    }
  },
  {
    "model": "news.newspageimages",
    "pk": 2,
    "fields": {
      "sort_order": 1,
      "image_title": "Any Picture title",
      "page": 12,
      "image": 34
    }
  },
  {
    "model": "news.newspageimages",
    "pk": 3,
    "fields": {
      "sort_order": 2,
      "image_title": "Any Picture title",
      "page": 12,
      "image": 34
    }
  },
  {
    "model": "news.newspageimages",
    "pk": 4,
    "fields": {
      "sort_order": 3,
      "image_title": "Any Picture title",
      "page": 12,
      "image": 34
    }
  },
  {
    "model": "contact.formfield",
    "pk": 1,
    "fields": {
      "sort_order": null,
      "clean_name": "first_name",
      "label": "First Name",
      "required": true,
      "choices": "",
      "default_value": "",
      "help_text": "",
      "field_type": "singleline",
      "page": 6
    }
  },
  {
    "model": "contact.formfield",
    "pk": 2,
    "fields": {
      "sort_order": null,
      "clean_name": "last_name",
      "label": "Last Name",
      "required": true,
      "choices": "",
      "default_value": "",
      "help_text": "",
      "field_type": "singleline",
      "page": 6
    }
  },
  {
    "model": "contact.formfield",
    "pk": 3,
    "fields": {
      "sort_order": null,
      "clean_name": "email",
      "label": "Email",
      "required": true,
      "choices": "",
      "default_value": "",
      "help_text": "",
      "field_type": "email",
      "page": 6
    }
  },
  {
    "model": "contact.formfield",
    "pk": 4,
    "fields": {
      "sort_order": null,
      "clean_name": "phone_number",
      "label": "Phone number",
      "required": true,
      "choices": "",
      "default_value": "",
      "help_text": "",
      "field_type": "singleline",
      "page": 6
    }
  },
  {
    "model": "contact.formfield",
    "pk": 5,
    "fields": {
      "sort_order": null,
      "clean_name": "event_date",
      "label": "Event Date",
      "required": true,
      "choices": "",
      "default_value": "",
      "help_text": "",
      "field_type": "date",
      "page": 6
    }
  },
  {
    "model": "contact.formfield",
    "pk": 6,
    "fields": {
      "sort_order": null,
      "clean_name": "event_time",
      "label": "Event Time",
      "required": true,
      "choices": "",
      "default_value": "",
      "help_text": "",
      "field_type": "time",
      "page": 6
    }
  },
  {
    "model": "contact.formfield",
    "pk": 7,
    "fields": {
      "sort_order": null,
      "clean_name": "event_description",
      "label": "Event Description",
      "required": true,
      "choices": "",
      "default_value": "",
      "help_text": "",
      "field_type": "multiline",
      "page": 6
    }
  },
  {
    "model": "contact.formfield",
    "pk": 8,
    "fields": {
      "sort_order": null,
      "clean_name": "upload_event_featured_image",
      "label": "Upload Event Featured Image",
      "required": true,
      "choices": "",
      "default_value": "",
      "help_text": "",
      "field_type": "file",
      "page": 6
    }
  },
  {
    "model": "contact.formfield",
    "pk": 9,
    "fields": {
      "sort_order": null,
      "clean_name": "upload_event_featured_images",
      "label": "Upload Event Featured Images",
      "required": true,
      "choices": "",
      "default_value": "",
      "help_text": "",
      "field_type": "multiupload",
      "page": 6
    }
  },
  {
    "model": "contact.formfield",
    "pk": 10,
    "fields": {
      "sort_order": null,
      "clean_name": "event_price",
      "label": "Event Price",
      "required": true,
      "choices": "paid,free",
      "default_value": "",
      "help_text": "",
      "field_type": "radio",
      "page": 6
    }
  },
  {
    "model": "contact.formfield",
    "pk": 11,
    "fields": {
      "sort_order": null,
      "clean_name": "amount",
      "label": "Amount",
      "required": false,
      "choices": "20,30,40",
      "default_value": "",
      "help_text": "",
      "field_type": "dropdown",
      "page": 6
    }
  },
  {
    "model": "contact.contactpage",
    "pk": 6,
    "fields": {
      "to_address": "",
      "from_address": "",
      "subject": "",
      "cover_image": null,
      "body": "[]"
    }
  },
  {
    "model": "contact.conactdetails",
    "pk": 1,
    "fields": {
      "sort_order": 0,
      "page": 6,
      "image": null,
      "contact_form_heading": "Host an event or other",
      "heading": "We review event submissions weekly on Thursday to submit approved events.",
      "description": "If you have an event that youd like to share on our website you can submit your event here to show up in the local events pages of our website. Events we encourage are community events or other event\r\ns that the Harmonians would benefit from knowing. We do not approve yard sales, or other",
      "contact_heading": "Quick Contact",
      "contact_number": "09999999999",
      "contact_address": "sector 78 USA"
    }
  },
  {
    "model": "contact.conactdetails",
    "pk": 2,
    "fields": {
      "sort_order": 1,
      "page": 6,
      "image": null,
      "contact_form_heading": "Share History story",
      "heading": "Share History story",
      "description": "If you have an event that youd like to share on our website you can submit your event here to show up in the local events pages of our website. Events we encourage are community events or other events that the Harmonians would benefit from knowing. We do not approve yard sales, or other",
      "contact_heading": "Quick Contact",
      "contact_number": "09882282282",
      "contact_address": "3447 Street ,USA"
    }
  },
  {
    "model": "contact.conactdetails",
    "pk": 3,
    "fields": {
      "sort_order": 2,
      "page": 6,
      "image": null,
      "contact_form_heading": "Develop in Harmony",
      "heading": "Develop in Harmony",
      "description": "If you have an event that youd like to share on our website you can submit your event here to show up in the local events pages of our website. Events we encourage are community events or other events that the Harmonians would benefit from knowing. We do not approve yard sales, or other..",
      "contact_heading": "Quick Contact",
      "contact_number": "0808773737",
      "contact_address": "736 Street USA"
    }
  },
  {
    "model": "ourteam.ourteampage",
    "pk": 4,
    "fields": {
      "cover_image": null,
      "body": "[]",
      "name": "TOWN OFFICIALS",
      "heading": "We all make one team\r\nworking together for\r\nHarmony",
      "description": "Working together for\r\nHarmony\r\nLorem ipsum dolor sit amet, consectetur adipiscing elit, sed do eiusmod tempor incididunt ut labore et dolore magna aliqua. Purus in mollis nunc sed id semper risus. Dictum non consectetur a erat nam at.",
      "sub_heading_one": "Elected Officials",
      "sub_heading_two": "Volunteers / Support Staff",
      "apply_heading": "Become an elected Harmony official",
      "button_text": "Apply Now",
      "link_page": null
    }
  },
  {
    "model": "ourteam.ourteampageperson",
    "pk": 1,
    "fields": {
      "sort_order": 0,
      "page": 4,
      "image": 19,
      "name": "Jack",
      "designation": "Former President",
      "description": "Former 45th U.S. President, Trump emphasizes economic growth, strong immigration policies, and American energy independence.",
      "role": "elected_official"
    }
  },
  {
    "model": "ourteam.ourteampageperson",
    "pk": 2,
    "fields": {
      "sort_order": 1,
      "page": 4,
      "image": 20,
      "name": "Kamala Harris",
      "designation": "Vice President",
      "description": "Harris focuses on social equity, healthcare reforms, and climate change. She's the first female and Black Indian-American Vice President.",
      "role": "volunteer_support"
    }
  },
  {
    "model": "ourteam.ourteampageperson",
    "pk": 3,
    "fields": {
      "sort_order": 2,
      "page": 4,
      "image": 21,
      "name": "Cornel West",
      "designation": "Independent Candidate",
      "description": "Philosopher and activist, West advocates for systemic reform, addressing poverty, racism, and corporate influence in politic",
      "role": "elected_official"
    }
  },
  {
    "model": "ourteam.ourteampageperson",
    "pk": 4,
    "fields": {
      "sort_order": 3,
      "page": 4,
      "image": 22,
      "name": "Jill Stein",
      "designation": "Green Party Presidential Candidate",
      "description": "A three-time candidate, Stein focuses on environmental justice, Medicare for All, and reducing military spending",
      "role": "volunteer_support"
    }
  },
  {
    "model": "business.businesspage",
    "pk": 5,
    "fields": {
      "cover_image": null,
      "body": "[]",
      "business_heading": "Why do Business in harmony",
      "growth_data_text_one": "Acres to\r\nbuild new",
      "growth_data_number_one": "10",
      "growth_data_text_two": "Growth in\r\nSociety population",
      "growth_data_number_two": "60",
      "growth_data_text_three": "Helpful Resources",
      "growth_data_number_three": "20",
      "resource_heading": "Helpful Resources"
    }
  },
  {
    "model": "business.businessbgslide",
    "pk": 1,
    "fields": {
      "sort_order": 0,
      "page": 5,
      "title": "Business & Development",
      "heading": "Option for type of business Or offer for the users",
      "image": 23
    }
  },
  {
    "model": "business.businessbgslide",
    "pk": 2,
    "fields": {
      "sort_order": 1,
      "page": 5,
      "title": "Business & Development !",
      "heading": "Option for type of business Or offer for the users !",
      "image": 23
    }
  },
  {
    "model": "business.businessbgslide",
    "pk": 3,
    "fields": {
      "sort_order": 2,
      "page": 5,
      "title": "Business & Development ..",
      "heading": "Option for type of business Or offer for the users ..",
      "image": 23
    }
  },
  {
    "model": "business.criteriatype",
    "pk": 1,
    "fields": {
      "sort_order": 0,
      "page": 5,
      "image": 24,
      "heading": "Available Land for Development",
      "description": "One - Lorem ipsum dolor sit amet, consectetur adipiscing elit, sed do eiusmod tempor incididunt ut labore et dolore magna aliqua. Purus in mollis nunc sed id semper risus. Dictum non consectetur a erat nam at. Odio ut sem nulla pharetra diam sit amet nisl. Nec tincidunt praesent semper feugiat nibh sed. Vel facilisis volutpat est velit egestas dui id. Amet mattis vulputate enim nulla.\r\n\r\nLorem ipsum dolor sit amet, consectetur adipiscing elit, sed do eiusmod tempor incididunt ut labore et dolore magna aliqua. Purus in mollis nunc sed id semper risus. Dictum non consectetur a erat nam at. Odio ut sem nulla pharetra diam sit amet nisl. Nec tincidunt praesent semper feugiat nibh sed. Vel facilisis volutpat est velit egestas dui id. Amet mattis vulputate enim nulla."
    }
  },
  {
    "model": "business.criteriatype",
    "pk": 2,
    "fields": {
      "sort_order": 1,
      "page": 5,
      "image": 25,
      "heading": "Sewer + Water Infrastructure",
      "description": "two-Lorem ipsum dolor sit amet, consectetur adipiscing elit, sed do eiusmod tempor incididunt ut labore et dolore magna aliqua. Purus in mollis nunc sed id semper risus. Dictum non consectetur a erat nam at. Odio ut sem nulla pharetra diam sit amet nisl. Nec tincidunt praesent semper feugiat nibh sed. Vel facilisis volutpat est velit egestas dui id. Amet mattis vulputate enim nulla.\r\n\r\nLorem ipsum dolor sit amet, consectetur adipiscing elit, sed do eiusmod tempor incididunt ut labore et dolore magna aliqua. Purus in mollis nunc sed id semper risus. Dictum non consectetur a erat nam at. Odio ut sem nulla pharetra diam sit amet nisl. Nec tincidunt praesent semper feugiat nibh sed. Vel facilisis volutpat est velit egestas dui id. Amet mattis vulputate enim nulla."
    }
  },
  {
    "model": "business.criteriatype",
    "pk": 3,
    "fields": {
      "sort_order": 2,
      "page": 5,
      "image": 26,
      "heading": "Community Support",
      "description": "Three- Lorem ipsum dolor sit amet, consectetur adipiscing elit, sed do eiusmod tempor incididunt ut labore et dolore magna aliqua. Purus in mollis nunc sed id semper risus. Dictum non consectetur a erat nam at. Odio ut sem nulla pharetra diam sit amet nisl. Nec tincidunt praesent semper feugiat nibh sed. Vel facilisis volutpat est velit egestas dui id. Amet mattis vulputate enim nulla.\r\n\r\nLorem ipsum dolor sit amet, consectetur adipiscing elit, sed do eiusmod tempor incididunt ut labore et dolore magna aliqua. Purus in mollis nunc sed id semper risus. Dictum non consectetur a erat nam at. Odio ut sem nulla pharetra diam sit amet nisl. Nec tincidunt praesent semper feugiat nibh sed. Vel facilisis volutpat est velit egestas dui id. Amet mattis vulputate enim nulla."
    }
  },
  {
    "model": "business.businessfaq",
    "pk": 1,
    "fields": {
      "sort_order": 0,
      "page": 5,
      "heading": "Buyers Guide",
      "description": "Feugiat pretium nibh ipsum consequat. Tempus iaculis urna id volutpat lacus laoreet non curabitur gravida. Venenatis lectus magna fringilla urna porttitor rhoncus dolor purus non."
    }
  },
  {
    "model": "business.businessfaq",
    "pk": 2,
    "fields": {
      "sort_order": 1,
      "page": 5,
      "heading": "Moving Guide",
      "description": "Dolor sit amet consectetur adipiscing elit pellentesque habitant morbi. Id interdum velit laoreet id donec ultrices. Fringilla phasellus faucibus scelerisque eleifend donec pretium. Est pellentesque elit ullamcorper dignissim. Mauris ultrices eros in cursus turpis massa tincidunt dui."
    }
  },
  {
    "model": "events.eventspage",
    "pk": 15,
    "fields": {
      "cover_image": null,
      "body": "[]",
      "heading": "EVENTS",
      "button_text": "Event Details",
      "link_page": null,
      "bottom_heading": "Do you want to hold an event in Harmony?",
      "bottom_image_one": 32,
      "bottom_image_two": 31,
      "bottom_button_text": "Contact us",
      "bottom_link_page": 6
    }
  },
  {
    "model": "events.eventpage",
    "pk": 16,
    "fields": {
      "cover_image": null,
      "body": "[]",
      "page_name": "EVENTS",
      "heading": "Annual Bowling Event at the Park",
      "event_bg_image": 33,
      "event_date": "2024-11-26",
      "event_details_heading": "Event Details",
      "event_short_description": "Lorem ipsum dolor sit amet, consectetur adipiscing elit, sed do eiusmod tempor incididunt ut labore et dolore magna aliqua",
      "description": "Lorem ipsum dolor sit amet, consectetur adipiscing elit, sed do eiusmod tempor incididunt ut labore et dolore magna aliqua. Purus in mollis nunc sed id semper risus. Dictum non consectetur a erat nam at. Odio ut sem nulla pharetra diam sit amet nisl. Nec tincidunt praesent semper feugiat nibh sed. Vel facilisis volutpat est velit egestas dui id. Amet mattis vulputate enim nulla.",
      "button_text": "Add to Calender",
      "link_page": null,
      "button_text_two": "Add to Calender",
      "link_page_two": null,
      "bottom_heading": "Do you want to\r\nhold an event in\r\nHarmony?",
      "bottom_image_one": 32,
      "bottom_image_two": 31,
      "bottom_button_text": "Contact us",
      "bottom_link_page": 6
    }
  },
  {
    "model": "events.eventpageimages",
    "pk": 1,
    "fields": {
      "sort_order": 0,
      "page": 16,
      "title": "Event Photo",
      "image": 34
    }
  },
  {
    "model": "events.eventpageimages",
    "pk": 2,
    "fields": {
      "sort_order": 1,
      "page": 16,
      "title": "Event Photo",
      "image": 34
    }
  },
  {
    "model": "events.eventpageimages",
    "pk": 3,
    "fields": {
      "sort_order": 2,
      "page": 16,
      "title": "Event Photo",
      "image": 34
    }
  },
  {
    "model": "events.eventpageimages",
    "pk": 4,
    "fields": {
      "sort_order": 3,
      "page": 16,
      "title": "Event Photo",
      "image": 34
    }
  },
  {
    "model": "permits.permitspage",
    "pk": 13,
    "fields": { "cover_image": null, "body": "[]", "heading": "Permits" }
  },
  {
    "model": "permits.formfield",
    "pk": 1,
    "fields": {
      "sort_order": null,
      "clean_name": "first_name",
      "label": "First Name",
      "required": true,
      "choices": "",
      "default_value": "",
      "help_text": "",
      "field_type": "singleline",
      "page": 14
    }
  },
  {
    "model": "permits.formfield",
    "pk": 2,
    "fields": {
      "sort_order": null,
      "clean_name": "last_name",
      "label": "Last Name",
      "required": true,
      "choices": "",
      "default_value": "",
      "help_text": "",
      "field_type": "singleline",
      "page": 14
    }
  },
  {
    "model": "permits.formfield",
    "pk": 3,
    "fields": {
      "sort_order": null,
      "clean_name": "email",
      "label": "Email",
      "required": true,
      "choices": "",
      "default_value": "",
      "help_text": "",
      "field_type": "email",
      "page": 14
    }
  },
  {
    "model": "permits.formfield",
    "pk": 4,
    "fields": {
      "sort_order": null,
      "clean_name": "phone_number",
      "label": "Phone number",
      "required": true,
      "choices": "",
      "default_value": "",
      "help_text": "",
      "field_type": "singleline",
      "page": 14
    }
  },
  {
    "model": "permits.formfield",
    "pk": 5,
    "fields": {
      "sort_order": null,
      "clean_name": "choose_a_business_type",
      "label": "Choose a Business type",
      "required": true,
      "choices": "Businuess1,Businuess2,Businuess3",
      "default_value": "",
      "help_text": "",
      "field_type": "dropdown",
      "page": 14
    }
  },
  {
    "model": "permits.formfield",
    "pk": 6,
    "fields": {
      "sort_order": null,
      "clean_name": "choose_category",
      "label": "Choose Category",
      "required": true,
      "choices": "category1,category2,category3",
      "default_value": "",
      "help_text": "",
      "field_type": "dropdown",
      "page": 14
    }
  },
  {
    "model": "permits.formfield",
    "pk": 7,
    "fields": {
      "sort_order": null,
      "clean_name": "message",
      "label": "Message",
      "required": true,
      "choices": "",
      "default_value": "",
      "help_text": "",
      "field_type": "multiline",
      "page": 14
    }
  },
  {
    "model": "permits.permitpage",
    "pk": 14,
    "fields": {
      "to_address": "",
      "from_address": "",
      "subject": "",
      "cover_image": null,
      "body": "[]",
      "heading": "Building permit !",
      "description": "Lorem ipsum dolor sit amet, consectetur adipiscing elit, sed do eiusmod tempor incididunt ut labore et dolore magna aliqua.Lorem ipsum dolor sit amet, consectetur adipiscing elit, sed do eiusmod tempor incididunt ut labore et dolore magna aliqua.",
      "permit_button_text": "Apply Now",
      "permit_link_page": null
    }
  },
  {
    "model": "history.historiespage",
    "pk": 21,
    "fields": {
      "cover_image": null,
      "body": "[]",
      "search": null,
      "heading": "History of Harmony",
      "short_heading": "Some story or sentence here",
      "short_description": "Lorem ipsum dolor sit amet, consectetur adipiscing elit, sed do eiusmod tempor incididunt ut labore et dolore magna aliqua. Purus in mollis nunc sed id semper risus.",
      "bottom_heading": "Share your story about Harmony",
      "bottom_image_one": 32,
      "bottom_image_two": 31,
      "bottom_button_text": "Share Story",
      "bottom_link_page": null
    }
  },
  {
    "model": "history.historypage",
    "pk": 22,
    "fields": {
      "cover_image": null,
      "body": "[]",
      "date": "2024-11-12",
      "content_short_description": "Long new titles can also be fit in to take space for two grid of background shape, so heres An example for that",
      "content_full_description": "Lorem ipsum dolor sit amet, consectetur adipiscing elit, sed do eiusmod tempor incididunt ut labore et dolore magna aliqua. Purus in mollis nunc sed id semper risus.",
      "image": 6
    }
  },
  {
    "model": "elections.electionspage",
    "pk": 9,
    "fields": {
      "cover_image": null,
      "notice_text": "Election results will be declared on 5 August, 2024",
      "body": "[]",
      "page_name": "ELECTIONS",
      "heading": "Here goes the title for\r\nthe elections page for\r\nthe township",
      "description": "Lorem ipsum dolor sit amet, consectetur adipiscing elit, sed do eiusmod tempor incididunt ut labore et dolore magna aliqua. Purus in mollis nunc sed id semper risus. Dictum non consectetur a erat nam at.",
      "heading_one": "Development Officer",
      "sub_heading_one": "NOMINEES",
      "button_text_one": "Run for Position",
      "link_page_one": null,
      "button_text_two": "Run for Position",
      "link_page_two": null,
      "heading_two": "Development Officer",
      "sub_heading_two": "NOMINEES",
      "nomination_heading": "Apply for the nomination Check the criteria and Eligibility",
      "button_text_three": "Get on Ballot",
      "link_page_three": null
    }
  },
  {
    "model": "elections.formfield",
    "pk": 1,
    "fields": {
      "sort_order": null,
      "clean_name": "first_name",
      "label": "First Name",
      "required": true,
      "choices": "",
      "default_value": "",
      "help_text": "",
      "field_type": "singleline",
      "page": 10
    }
  },
  {
    "model": "elections.formfield",
    "pk": 2,
    "fields": {
      "sort_order": null,
      "clean_name": "last_name",
      "label": "Last Name",
      "required": true,
      "choices": "",
      "default_value": "",
      "help_text": "",
      "field_type": "singleline",
      "page": 10
    }
  },
  {
    "model": "elections.formfield",
    "pk": 3,
    "fields": {
      "sort_order": null,
      "clean_name": "email",
      "label": "Email",
      "required": true,
      "choices": "",
      "default_value": "",
      "help_text": "",
      "field_type": "email",
      "page": 10
    }
  },
  {
    "model": "elections.formfield",
    "pk": 4,
    "fields": {
      "sort_order": null,
      "clean_name": "phone_number",
      "label": "Phone number",
      "required": true,
      "choices": "",
      "default_value": "",
      "help_text": "",
      "field_type": "singleline",
      "page": 10
    }
  },
  {
    "model": "elections.formfield",
    "pk": 5,
    "fields": {
      "sort_order": null,
      "clean_name": "choose_party",
      "label": "Choose party",
      "required": true,
      "choices": "",
      "default_value": "",
      "help_text": "",
      "field_type": "dropdown",
      "page": 10
    }
  },
  {
    "model": "elections.formfield",
    "pk": 6,
    "fields": {
      "sort_order": null,
      "clean_name": "choose_position",
      "label": "Choose position",
      "required": true,
      "choices": "",
      "default_value": "",
      "help_text": "",
      "field_type": "dropdown",
      "page": 10
    }
  },
  {
    "model": "elections.formfield",
    "pk": 7,
    "fields": {
      "sort_order": null,
      "clean_name": "your_intro",
      "label": "Your Intro",
      "required": true,
      "choices": "",
      "default_value": "",
      "help_text": "",
      "field_type": "multiline",
      "page": 10
    }
  },
  {
    "model": "elections.singleelectionpage",
    "pk": 10,
    "fields": {
      "to_address": "",
      "from_address": "",
      "subject": "",
      "cover_image": null,
      "body": "[]",
      "page_notice": "Election results will be declared on 5 August, 2024",
      "heading": "Development Officer",
      "party_name": "PARTY NAME",
      "position_title": "Nominees",
      "description": "Lorem ipsum dolor sit amet, consectetur adipiscing elit, sed do eiusmod tempor incididunt ut labore et dolore magna aliqua. Purus in mollis nunc sed id semper risus. Dictum non consectetur a erat nam at.",
      "result_declare_heading": "Election results will be declared on 5 August, 2024",
      "form_description_message": ""
    }
  },
  {
    "model": "elections.electionpageperson",
    "pk": 1,
    "fields": {
      "sort_order": 0,
      "page": 10,
      "image": 19,
      "name": "Donald Trump",
      "designation": "Former President",
      "re_election_designation": "",
      "description": "Former 45th U.S. President, Trump emphasizes economic growth, strong immigration policies, and American energy independence."
    }
  },
  {
    "model": "elections.electionpageperson",
    "pk": 2,
    "fields": {
      "sort_order": 1,
      "page": 10,
      "image": 22,
      "name": "Cornel West",
      "designation": "Independent Candidate",
      "re_election_designation": "",
      "description": "Philosopher and activist, West advocates for systemic reform, addressing poverty, racism, and corporate influence in politic"
    }
  },
  {
    "model": "elections.electionpageperson",
    "pk": 3,
    "fields": {
      "sort_order": 2,
      "page": 10,
      "image": 21,
      "name": "Jill Stein",
      "designation": "Green Party Presidential Candidate",
      "re_election_designation": "",
      "description": "A three-time candidate, Stein focuses on environmental justice, Medicare for All, and reducing military spending"
    }
  },
  {
    "model": "interest.pointsofinterest",
    "pk": 19,
    "fields": {
      "cover_image": null,
      "body": "[]",
      "text": "Drop the pin to see location",
      "small_land_image": 36,
      "category": "schools",
      "bottom_heading": "Submit your fun photo at any point of interested",
      "bottom_image_one": 32,
      "bottom_image_two": 31,
      "bottom_button_text": "Submit your photo",
      "bottom_link_page": null
    }
  },
  {
    "model": "interest.singlepointsofinterest",
    "pk": 20,
    "fields": {
      "cover_image": null,
      "body": "[]",
      "text": "Drop the pin to see location",
      "small_land_image": null,
      "category": "schools",
      "back_button_text": "Back to Points of Interest",
      "single_point_heading": "Town Hall Park !",
      "single_point_description": "Lorem ipsum dolor sit amet, consectetur adipiscing elit, sed do eiusmod tempor incididunt ut labore et dolore magna aliqua.Lorem ipsum dolor sit amet, consectetur adipiscing elit, sed do eiusmod tempor incididunt ut labore et dolore magna aliqua.",
      "single_point_description_image": 37,
      "single_land_image": 38,
      "bottom_heading": "Submit your fun photo at any point of interested",
      "bottom_image_one": 32,
      "bottom_image_two": 31,
      "bottom_button_text": "Submit your photo",
      "bottom_link_page": null
    }
  },
  {
    "model": "interest.singlepointpageimages",
    "pk": 1,
    "fields": { "sort_order": 0, "page": 20, "image": 40 }
  },
  {
    "model": "interest.singlepointpageimages",
    "pk": 2,
    "fields": { "sort_order": 1, "page": 20, "image": 40 }
  },
  {
    "model": "interest.singlepointpageimages",
    "pk": 3,
    "fields": { "sort_order": 2, "page": 20, "image": 40 }
  },
  {
    "model": "interest.singlepointpageimages",
    "pk": 4,
    "fields": { "sort_order": 3, "page": 20, "image": 40 }
  },
  {
    "model": "emergency.emergencypage",
    "pk": 7,
    "fields": {
      "cover_image": null,
      "heading": "All Emergency Services",
      "body": "[]"
    }
  },
  {
    "model": "emergency.emergencypagecontent",
    "pk": 1,
    "fields": {
      "sort_order": 0,
      "page": 7,
      "service_sidebar_name": "Fire Dept.",
      "icon_image": 27,
      "service_name_heading": "Fire Department",
      "short_description": "Lorem ipsum dolor sit amet, consectetur adipiscing elit, sed do eiusmod tempor incididunt ut labore et",
      "call_text": "Call",
      "mobile_number": "873217383",
      "email_text": "Email",
      "email": "help@firedep.com",
      "heading_two": "Available right for you\r\nin any emergency",
      "description": "Lorem ipsum dolor sit amet, consectetur adipiscing elit, sed do eiusmod tempor incididunt ut labore et dolore magna aliqua. Purus in mollis nunc sed id semper risus. Dictum non consectetur a erat nam at.",
      "image": 28,
      "button_name": "READ MORE",
      "button_text": "Feugiat pretium nibh ipsum consequat. Tempus iaculis urna id volutpat lacus laoreet non curabitur gravida. Venenatis lectus magna fringilla urna porttitor rhoncus dolor purus non."
    }
  },
  {
    "model": "emergency.emergencypagecontent",
    "pk": 2,
    "fields": {
      "sort_order": 1,
      "page": 7,
      "service_sidebar_name": "Sheriff Department",
      "icon_image": 29,
      "service_name_heading": "",
      "short_description": "Sheriff Department",
      "call_text": "Call",
      "mobile_number": "878277392",
      "email_text": "Email",
      "email": "sf@gmail.com",
      "heading_two": "Available right for you\r\nin any emergency",
      "description": "Test Lorem ipsum dolor sit amet, consectetur adipiscing elit, sed do eiusmod tempor incididunt ut labore et dolore magna aliqua. Purus in mollis nunc sed id semper risus. Dictum non consectetur a erat nam at.",
      "image": 28,
      "button_name": "READ MORE",
      "button_text": "Feugiat pretium nibh ipsum consequat. Tempus iaculis urna id volutpat lacus laoreet non curabitur gravida. Venenatis lectus magna fringilla urna porttitor rhoncus dolor purus non."
    }
  },
  {
    "model": "meetings.meetingspage",
    "pk": 17,
    "fields": {
      "body": "[]",
      "meeting_text": "All Meetings",
      "meeting_type": "society",
      "bottom_heading": "Stay update with\r\nthe News/Events in Harmony",
      "bottom_image_one": 32,
      "bottom_image_two": 31
    }
  },
  {
    "model": "meetings.meetingpage",
    "pk": 18,
    "fields": {
      "body": "[]",
      "meeting_date": "2024-11-20",
      "meeting_start_time": "16:00:00",
      "meeting_end_time": "18:00:00",
      "meeting_description": "About the meeting, people whore joining, urgency of meeting anything about the meeting.\r\n\r\ndoes this break to paragraphs",
      "meeting_type": "society"
    }
  },
  {
    "model": "meetings.meetingpage",
    "pk": 23,
    "fields": {
      "body": "[]",
      "meeting_date": "2024-11-02",
      "meeting_start_time": "15:00:00",
      "meeting_end_time": "16:00:00",
      "meeting_description": "Testing how this works.",
      "meeting_type": "gov"
    }
  }
]
